timestamp_s,pred_class,soft_err,cte_px,for_spd,turn_spd,delta_turn_spd,off_line_prob,off_line
0.5,straight,-0.0,-14.33,0.35,-0.0,0.0001,0.0,0
0.533,straight,-0.0,-14.33,0.35,-0.0,0.0001,0.0,0
0.563,straight,-0.0,-14.33,0.35,-0.0,0.0,0.0,0
0.595,straight,-0.0,-14.33,0.35,-0.0,0.0,0.0,0
0.628,straight,-0.0,-14.33,0.35,-0.0,0.0,0.0,0
0.665,straight,-0.0,-14.33,0.35,-0.0,0.0,0.0,0
0.692,straight,-0.0,-14.32,0.35,-0.0,0.0,0.0,0
0.728,straight,-0.0,-14.31,0.35,-0.0,0.0,0.0,0
0.76,straight,-0.0,-14.31,0.35,-0.0,0.0,0.0,0
0.791,straight,-0.0,-14.31,0.35,-0.0,0.0,0.0,0
0.823,straight,-0.0,-14.33,0.35,-0.0,0.0,0.0,0
0.856,straight,-0.0,-14.33,0.35,-0.0,0.0,0.0,0
0.885,straight,-0.0,-14.33,0.35,-0.0,0.0,0.0,0
0.918,straight,-0.0,-14.33,0.35,-0.0,0.0,0.0,0
0.963,straight,-0.0,-14.33,0.35,-0.0,0.0,0.0,0
0.998,straight,-0.0,-14.33,0.35,-0.0,0.0,0.0,0
1.029,straight,-0.0,-14.32,0.35,-0.0,0.0,0.0,0
1.061,straight,-0.0,-14.31,0.35,-0.0,0.0,0.0,0
1.092,straight,-0.0,-14.31,0.35,-0.0,0.0,0.0,0
1.125,straight,-0.0,-14.31,0.35,-0.0,0.0,0.0,0
1.158,straight,-0.0,-14.33,0.35,-0.0,0.0,0.0,0
1.191,straight,-0.0,-14.33,0.35,-0.0,0.0,0.0,0
1.222,straight,-0.0,-14.33,0.35,-0.0,0.0,0.0,0
1.253,straight,-0.0,-14.33,0.35,-0.0,0.0,0.0,0
1.285,straight,-0.0,-14.33,0.35,-0.0,0.0,0.0,0
1.316,straight,-0.0,-14.32,0.35,-0.0,0.0,0.0,0
1.363,straight,-0.0,-14.31,0.35,-0.0,0.0,0.0,0
1.397,straight,-0.0,-14.31,0.35,-0.0,0.0,0.0,0
1.429,straight,-0.0,-14.31,0.35,-0.0,0.0,0.0,0
1.461,straight,-0.0,-14.33,0.35,-0.0,0.0,0.0,0
1.494,straight,-0.0,-14.33,0.35,-0.0,0.0,0.0,0
1.524,straight,-0.0,-14.33,0.35,-0.0,0.0,0.0,0
1.557,straight,-0.0,-14.33,0.35,-0.0,0.0,0.0,0
1.589,straight,-0.0,-14.33,0.35,-0.0,0.0,0.0,0
1.62,straight,-0.0,-14.32,0.35,-0.0,0.0,0.0,0
1.654,straight,-0.0,-14.32,0.35,-0.0,0.0,0.0,0
1.684,straight,-0.0,-14.31,0.35,-0.0,0.0,0.0,0
1.716,straight,-0.0,-14.31,0.35,-0.0,0.0,0.0,0
1.764,straight,-0.0,-14.31,0.35,-0.0,0.0,0.0,0
1.799,straight,-0.0,-14.33,0.35,-0.0,0.0,0.0,0
1.86,straight,-0.0,-14.33,0.35,-0.0,0.0,0.0,0
1.893,straight,-0.0,-14.33,0.35,-0.0,0.0,0.0,0
1.925,straight,-0.0,-14.33,0.35,-0.0,0.0,0.0,0
1.958,straight,-0.0,-14.33,0.35,-0.0,0.0,0.0,0
1.99,straight,-0.0,-14.33,0.35,-0.0,0.0,0.0,0
2.021,straight,-0.0,-14.32,0.35,-0.0,0.0,0.0,0
2.052,straight,-0.0,-14.31,0.35,-0.0,0.0,0.0,0
2.085,straight,-0.0,-14.31,0.35,-0.0,0.0,0.0,0
2.117,straight,-0.0,-14.31,0.35,-0.0,0.0,0.0,0
2.163,straight,-0.0,-14.33,0.35,-0.0,0.0,0.0,0
2.196,straight,-0.0,-14.33,0.35,-0.0,0.0,0.0,0
2.229,straight,-0.0,-14.33,0.35,-0.0,0.0,0.0,0
2.26,straight,-0.0,-14.33,0.35,-0.0,0.0,0.0,0
2.292,straight,-0.0,-14.33,0.35,-0.0,0.0,0.0,0
2.325,straight,-0.0,-14.33,0.35,-0.0,0.0,0.0,0
2.357,straight,-0.0,-14.32,0.35,-0.0,0.0,0.0,0
2.39,straight,-0.0,-14.32,0.35,-0.0,0.0,0.0,0
2.421,straight,-0.0,-14.31,0.35,-0.0,0.0,0.0,0
2.454,straight,-0.0,-14.31,0.35,-0.0,0.0,0.0,0
2.484,straight,-0.0,-14.31,0.35,-0.0,0.0,0.0,0
2.517,straight,-0.0,-14.33,0.35,-0.0,0.0,0.0,0
2.563,straight,-0.0,-14.33,0.35,-0.0,0.0,0.0,0
2.596,straight,-0.0,-14.33,0.35,-0.0,0.0,0.0,0
2.628,straight,-0.0,-14.33,0.35,-0.0,0.0,0.0,0
2.661,straight,-0.0,-14.33,0.35,-0.0,0.0,0.0,0
2.693,straight,-0.0,-14.33,0.35,-0.0,0.0,0.0,0
2.725,straight,-0.0,-14.32,0.35,-0.0,0.0,0.0,0
2.759,straight,-0.0,-14.31,0.35,-0.0,0.0,0.0,0
2.789,straight,-0.0,-14.31,0.35,-0.0,0.0,0.0,0
2.821,straight,-0.0,-14.31,0.35,-0.0,0.0,0.0,0
2.854,straight,-0.0,-14.33,0.35,-0.0,0.0,0.0,0
2.884,straight,-0.0,-14.33,0.35,-0.0,0.0,0.0,0
2.917,straight,-0.0,-12.79,0.35,0.0,0.0,0.0,0
2.963,straight,-0.0,-12.8,0.35,-0.0,0.0,0.0,0
2.996,straight,-0.0,-12.83,0.35,-0.0,0.0,0.0,0
3.03,straight,-0.0,-12.8,0.35,0.0,0.0,0.0,0
3.061,straight,-0.0,-12.8,0.35,-0.0,0.0,0.0,0
3.093,straight,-0.0,-13.17,0.35,-0.0,0.0,0.0,0
3.125,straight,-0.0,-13.17,0.35,-0.0,0.0,0.0,0
3.158,straight,-0.0,-13.17,0.35,-0.0,0.0,0.0,0
3.188,straight,-0.0,-13.13,0.35,0.0,0.0,0.0,0
3.222,straight,-0.0,-13.27,0.35,0.0,0.0,0.0,0
3.253,straight,-0.0,-13.27,0.35,-0.0,0.0,0.0,0
3.284,straight,-0.0,-13.77,0.35,0.0,0.0,0.0,0
3.316,straight,-0.0,-13.69,0.35,-0.0,0.0,0.0,0
3.364,straight,-0.0,-13.69,0.35,-0.0,0.0,0.0,0
3.396,straight,-0.0,-14.04,0.35,0.0,0.0,0.0,0
3.428,straight,-0.0,-14.19,0.35,-0.0,0.0,0.0,0
3.462,straight,-0.0,-14.19,0.35,-0.0,0.0,0.0,0
3.493,straight,-0.0,-14.8,0.35,0.0,0.0,0.0,0
3.555,straight,-0.0,-14.84,0.35,-0.0,0.0,0.0,0
3.589,straight,-0.0,-14.84,0.35,-0.0,0.0,0.0,0
3.62,straight,-0.0,-15.41,0.35,-0.0,0.0,0.0,0
3.652,straight,-0.0,-15.78,0.35,-0.0,0.0,0.0,0
3.684,straight,-0.0,-15.78,0.35,-0.0,0.0,0.0,0
3.715,straight,-0.0,-16.67,0.35,-0.0,0.0002,0.0,0
3.764,straight,-0.0,-16.84,0.35,-0.0,0.0,0.0,0
3.798,straight,-0.0,-16.84,0.35,-0.0,0.0001,0.0,0
3.828,straight,-0.0,-17.62,0.35,-0.0,0.0006,0.0,0
3.861,straight,-0.0,-18.05,0.35,-0.0,0.0003,0.0,0
3.893,straight,-0.0,-18.05,0.35,-0.0,0.0003,0.0,0
3.927,straight,-0.0,-18.71,0.35,0.0,0.0004,0.0,0
3.959,straight,-0.0,-18.7,0.35,-0.0,0.0004,0.0,0
3.987,straight,-0.0,-18.7,0.35,-0.0,0.0,0.0,0
4.022,straight,-0.0,-19.23,0.35,-0.0,0.0002,0.0,0
4.052,straight,-0.0,-19.27,0.35,0.0,0.0005,0.0,0
4.084,straight,-0.0,-19.27,0.35,-0.0,0.0003,0.0,0
4.116,straight,-0.0,-19.42,0.35,0.0,0.0001,0.0,0
4.164,straight,-0.0,-19.75,0.35,-0.0,0.0002,0.0,0
4.196,straight,-0.0,-19.75,0.35,-0.0,0.0001,0.0,0
4.229,straight,-0.0,-19.73,0.35,0.0,0.0001,0.0,0
4.261,straight,-0.0,-19.1,0.35,-0.0001,0.0057,0.0,0
4.293,straight,-0.0,-19.1,0.35,-0.0,0.0051,0.0,0
4.326,straight,-0.0345,NaN,0.344,-0.1792,10.754,0.0,0
4.357,straight,-0.071,NaN,0.3376,-0.2039,1.4766,0.0,0
4.389,straight,-0.071,NaN,0.3376,-0.0284,10.5246,0.0,0
4.42,left,-0.76,-19.22,0.217,-1.0,58.2934,0.0,0
4.452,left,-0.892,-18.81,0.1939,-0.9905,0.5676,0.0,0
4.484,left,-0.892,-18.81,0.1939,-0.3572,37.9976,0.0,0
4.516,straight,-0.0,-18.69,0.35,1.0,81.4348,0.0,0
4.563,straight,-0.0,-18.65,0.35,-0.0005,60.0276,0.0,0
4.597,straight,-0.0,-18.65,0.35,-0.0005,0.0002,0.0,0
4.629,straight,-0.0,-19.25,0.35,-0.0004,0.0014,0.0,0
4.661,straight,-0.0,-19.25,0.35,-0.0005,0.0013,0.0,0
4.692,straight,-0.0,-21.44,0.35,-0.0005,0.0018,0.0,0
4.726,straight,-0.0,-22.95,0.35,-0.0005,0.001,0.0,0
4.758,straight,-0.0,-22.95,0.35,-0.0005,0.0025,0.0,0
4.789,straight,-0.0028,-26.67,0.3495,-0.0152,0.8827,0.0,0
4.821,straight,-0.0971,-28.68,0.333,-0.4916,28.5832,0.0,0
4.852,straight,-0.3277,-30.94,0.2927,-1.0,30.5065,0.0001,0
4.885,straight,-0.3277,-30.94,0.2927,-0.1316,52.1015,0.0001,0
4.915,left,-0.9929,-36.0,0.1763,-1.0,52.1015,0.0,0
4.963,left,-0.9996,-38.69,0.1751,-0.4331,34.0121,0.0,0
4.995,left,-0.9996,-38.69,0.1751,-0.4009,1.9328,0.0,0
5.029,left,-1.0,-44.74,0.175,-0.4031,0.1314,0.0,0
5.06,left,-1.0,-48.16,0.175,-0.4015,0.0994,0.0,0
5.094,left,-1.0,-51.88,0.175,-0.4016,0.0082,0.0,0
5.126,left,-1.0,-51.88,0.175,-0.4017,0.0093,0.0,0
5.156,left,-1.0,-60.26,0.175,-0.4019,0.0101,0.0,0
5.219,left,-1.0,-64.79,0.175,-0.4021,0.0099,0.0,0
5.254,left,-1.0,-64.79,0.175,-0.4022,0.01,0.0,0
5.288,left,-1.0,-74.19,0.175,-0.4024,0.01,0.0,0
5.317,left,-1.0,-79.12,0.175,-0.4026,0.01,0.0,0
5.364,left,-1.0,-79.12,0.175,-0.4027,0.01,0.0,0
5.397,left,-1.0,-92.64,0.175,-0.4029,0.01,0.0,0
5.428,left,-1.0,-97.77,0.175,-0.4031,0.01,0.0,0
5.462,left,-1.0,-97.77,0.175,-0.4032,0.01,0.0,0
5.494,left,-1.0,-107.02,0.175,-0.4034,0.01,0.0,0
5.526,left,-1.0,-112.56,0.175,-0.4036,0.01,0.0,0
5.556,left,-1.0,-112.56,0.175,-0.4037,0.01,0.0,0
5.589,left,-1.0,-125.31,0.175,-0.4039,0.01,0.0,0
5.62,left,-1.0,-130.34,0.175,-0.4041,0.01,0.0,0
5.654,left,-1.0,-130.34,0.175,-0.4042,0.01,0.0,0
5.685,left,-1.0,-139.03,0.175,-0.4044,0.01,0.0,0
5.716,left,-1.0,-143.12,0.175,-0.4046,0.0099,0.0,0
5.764,left,-1.0,-143.12,0.175,-0.4047,0.0101,0.0,0
5.798,left,-0.9999,-154.52,0.175,-0.4043,0.0272,0.0,0
5.827,left,-0.9993,-157.23,0.1751,-0.4021,0.1327,0.0,0
5.861,left,-0.9993,-157.23,0.1751,-0.405,0.1734,0.0,0
5.893,left,-0.9879,NaN,0.1771,-0.3457,3.5575,0.0012,0
5.927,left,-0.9256,NaN,0.188,-0.077,16.1227,0.0074,0
5.958,left,-0.6391,NaN,0.2382,1.0,64.618,0.0366,0
5.987,left,-0.6391,NaN,0.2382,-0.2614,75.6838,0.0366,0
6.022,right,0.3707,NaN,0.2851,1.0,75.6838,0.2657,0
6.055,right,0.5085,NaN,0.261,0.8591,8.4522,0.4035,0
6.084,right,0.5085,NaN,0.261,0.1979,39.6766,0.4035,0
6.116,right,0.6298,NaN,0.2398,0.8286,37.8464,0.3287,0
6.164,right,0.6791,NaN,0.2312,0.5033,19.5224,0.2791,0
6.198,right,0.6791,NaN,0.2312,0.2664,14.2087,0.2791,0
6.229,right,0.6164,NaN,0.2421,-0.0596,19.5618,0.3543,0
6.26,right,0.6365,NaN,0.2386,0.346,24.3377,0.3413,0
6.293,right,0.6917,NaN,0.229,0.5366,11.4357,0.285,0
6.327,right,0.7788,NaN,0.2137,0.7251,11.3065,0.1973,0
6.358,right,0.7285,NaN,0.2225,0.0449,40.8112,0.2389,0
6.39,right,0.7285,NaN,0.2225,0.2869,14.5185,0.2389,0
6.421,right,0.7086,NaN,0.226,0.1835,6.2003,0.2629,0
6.452,right,0.7632,NaN,0.2164,0.5632,22.7826,0.2158,0
6.486,right,0.7632,NaN,0.2164,0.3011,15.7262,0.2158,0
6.517,right,0.7514,NaN,0.2185,0.2402,3.6582,0.2254,0
6.563,right,0.7843,NaN,0.2127,0.4677,13.6549,0.1909,0
6.596,right,0.7843,NaN,0.2127,0.31,9.466,0.1909,0
6.629,right,0.7347,NaN,0.2214,0.0522,15.4662,0.2349,0
6.661,right,0.6958,NaN,0.2282,0.0878,2.1342,0.2761,0
6.692,right,0.6692,NaN,0.2329,0.1367,2.9336,0.3024,0
6.725,right,0.667,NaN,0.2333,0.2529,6.9721,0.3022,0
6.758,right,0.667,NaN,0.2333,0.2636,0.6441,0.3022,0
6.789,right,0.5737,NaN,0.2496,-0.2214,29.1016,0.3989,0
6.821,right,0.6175,NaN,0.2419,0.4542,40.5383,0.3521,0
6.853,right,0.6175,NaN,0.2419,0.2441,12.6066,0.3521,0
6.915,right,0.61,NaN,0.2432,0.2053,2.3259,0.3566,0
6.963,right,0.5162,NaN,0.2597,-0.2466,27.1166,0.4367,0
6.997,right,0.5162,NaN,0.2597,0.2039,27.0277,0.4367,0
7.029,right,0.4872,NaN,0.2647,0.0532,9.0374,0.4774,0
7.061,right,0.5102,NaN,0.2607,0.3118,15.5142,0.4545,0
7.094,right,0.5102,NaN,0.2607,0.2017,6.6063,0.4545,0
7.125,off_line,0.4107,NaN,0.2781,-0.3156,31.0388,0.5578,0
7.159,off_line,0.4192,NaN,0.2766,0.2066,31.3354,0.5483,0
7.19,off_line,0.4192,NaN,0.2766,0.1655,2.4662,0.5483,0
7.221,off_line,0.3584,NaN,0.05,0.0,9.9326,0.606,1
7.253,off_line,0.4277,NaN,0.2752,1.0,60.0,0.5323,0
7.284,off_line,0.4277,NaN,0.2752,0.1712,49.7274,0.5323,0
7.317,off_line,0.412,NaN,0.2779,0.0897,4.889,0.5399,0
7.364,off_line,0.331,NaN,0.2921,-0.2558,20.7345,0.4917,0
7.397,off_line,0.331,NaN,0.2921,0.1327,23.3152,0.4917,0
7.428,left,-0.997,NaN,0.1755,-1.0,67.9643,0.001,0
7.461,left,-0.9998,-142.02,0.175,-0.4135,35.1894,0.0,0
7.494,left,-0.9998,-142.02,0.175,-0.4001,0.8042,0.0,0
7.524,left,-0.9987,-109.51,0.1752,-0.3942,0.3515,0.0,0
7.558,left,-0.9633,NaN,0.1814,-0.2159,10.7034,0.0,0
7.589,left,-0.9633,NaN,0.1814,-0.386,10.2066,0.0,0
7.621,left,-0.1989,NaN,0.3152,1.0,83.1581,0.0,0
7.652,right,0.3534,NaN,0.2882,1.0,0.0,0.0,0
7.685,right,0.2476,NaN,0.3067,-0.4093,84.5606,0.0,0
7.715,right,0.2476,NaN,0.3067,0.0985,30.4696,0.0,0
7.764,right,0.4899,115.13,0.2643,1.0,54.091,0.0,0
7.796,right,0.5455,129.15,0.2545,0.4849,30.9082,0.0,0
7.829,right,0.5455,129.15,0.2545,0.2179,16.0174,0.0,0
7.861,right,0.9083,147.28,0.191,1.0,46.9255,0.0,0
7.892,right,0.9893,NaN,0.1769,0.7847,12.9171,0.0,0
7.925,right,0.9989,NaN,0.1752,0.4456,20.347,0.0,0
7.957,right,0.9989,NaN,0.1752,0.3999,2.7412,0.0,0
7.989,right,0.9999,NaN,0.175,0.4052,0.3179,0.0,0
8.02,right,0.9999,NaN,0.175,0.401,0.254,0.0,0
8.053,right,1.0,NaN,0.175,0.401,0.0024,0.0,0
8.084,right,0.9999,NaN,0.175,0.4008,0.0124,0.0,0
8.116,right,0.9992,NaN,0.1751,0.3976,0.1956,0.0006,0
8.164,right,0.995,NaN,0.1759,0.379,1.11,0.0043,0
8.196,right,0.995,NaN,0.1759,0.3995,1.2286,0.0043,0
8.229,right,0.7147,NaN,0.2249,-1.0,83.9716,0.2638,0
8.26,off_line,0.3612,NaN,0.2868,-1.0,0.0,0.5904,0
8.294,off_line,0.3612,NaN,0.2868,0.1462,68.7748,0.5904,0
8.324,off_line,0.2964,NaN,0.05,0.0,8.7748,0.659,1
8.358,off_line,0.2949,NaN,0.05,0.0,0.0,0.6564,1
8.389,off_line,0.2949,NaN,0.05,0.0,0.0,0.6564,1
8.42,off_line,0.3207,NaN,0.05,0.0,0.0,0.6212,1
8.452,off_line,0.2422,NaN,0.05,0.0,0.0,0.6998,1
8.485,off_line,0.2422,NaN,0.05,0.0,0.0,0.6998,1
8.517,off_line,0.2351,NaN,0.05,0.0,0.0,0.7256,1
8.564,off_line,0.2737,NaN,0.05,0.0,0.0,0.6819,1
8.628,off_line,0.2737,NaN,0.05,0.0,0.0,0.6819,1
8.66,off_line,0.2404,NaN,0.05,0.0,0.0,0.7089,1
8.693,off_line,0.3026,NaN,0.05,0.0,0.0,0.6395,1
8.726,off_line,0.2244,NaN,0.05,0.0,0.0,0.7192,1
8.758,off_line,0.2319,NaN,0.05,0.0,0.0,0.7179,1
8.788,off_line,0.2319,NaN,0.05,0.0,0.0,0.7179,1
8.822,off_line,0.1889,NaN,0.05,0.0,0.0,0.7679,1
8.852,off_line,0.184,NaN,0.05,0.0,0.0,0.7734,1
8.884,off_line,0.184,NaN,0.05,0.0,0.0,0.7734,1
8.916,off_line,0.1738,NaN,0.05,0.0,0.0,0.7883,1
8.949,off_line,0.1827,NaN,0.05,0.0,0.0,0.7803,1
8.995,off_line,0.1827,NaN,0.05,0.0,0.0,0.7803,1
9.028,off_line,0.2022,NaN,0.05,0.0,0.0,0.7488,1
9.061,off_line,0.214,NaN,0.05,0.0,0.0,0.7398,1
9.092,off_line,0.2106,NaN,0.05,0.0,0.0,0.7367,1
9.126,off_line,0.2106,NaN,0.05,0.0,0.0,0.7367,1
9.156,off_line,0.2476,NaN,0.05,0.0,0.0,0.6987,1
9.19,off_line,0.2376,NaN,0.05,0.0,0.0,0.7159,1
9.22,off_line,0.2234,NaN,0.05,0.0,0.0,0.724,1
9.252,off_line,0.2161,NaN,0.05,0.0,0.0,0.731,1
9.286,off_line,0.1897,NaN,0.05,0.0,0.0,0.7641,1
9.316,off_line,0.1897,NaN,0.05,0.0,0.0,0.7641,1
9.364,off_line,0.1964,NaN,0.05,0.0,0.0,0.7562,1
9.397,off_line,0.1897,NaN,0.05,0.0,0.0,0.769,1
9.428,off_line,0.1508,NaN,0.05,0.0,0.0,0.8097,1
9.461,off_line,0.1508,NaN,0.05,0.0,0.0,0.8097,1
9.493,off_line,0.1761,NaN,0.05,0.0,0.0,0.7882,1
9.525,off_line,0.1718,NaN,0.05,0.0,0.0,0.7896,1
9.558,off_line,0.1718,NaN,0.05,0.0,0.0,0.7896,1
9.589,off_line,0.161,NaN,0.05,0.0,0.0,0.7933,1
9.622,off_line,0.1656,NaN,0.05,0.0,0.0,0.7875,1
9.653,off_line,0.1656,NaN,0.05,0.0,0.0,0.7875,1
9.684,off_line,0.174,NaN,0.05,0.0,0.0,0.7819,1
9.717,off_line,0.1755,NaN,0.05,0.0,0.0,0.7832,1
9.764,off_line,0.2051,NaN,0.05,0.0,0.0,0.7553,1
9.797,off_line,0.2188,NaN,0.05,0.0,0.0,0.7463,1
9.828,off_line,0.216,NaN,0.05,0.0,0.0,0.7434,1
9.86,off_line,0.216,NaN,0.05,0.0,0.0,0.7434,1
9.893,off_line,0.2145,NaN,0.05,0.0,0.0,0.7402,1
9.926,off_line,0.1701,NaN,0.05,0.0,0.0,0.7901,1
9.958,off_line,0.1701,NaN,0.05,0.0,0.0,0.7901,1
9.988,off_line,0.1972,NaN,0.05,0.0,0.0,0.7624,1
10.023,off_line,0.1992,NaN,0.05,0.0,0.0,0.7584,1
10.053,off_line,0.1992,NaN,0.05,0.0,0.0,0.7584,1
10.084,off_line,0.2132,NaN,0.05,0.0,0.0,0.7413,1
10.116,off_line,0.1919,NaN,0.05,0.0,0.0,0.7646,1
10.164,off_line,0.1919,NaN,0.05,0.0,0.0,0.7646,1
10.196,off_line,0.2073,NaN,0.05,0.0,0.0,0.755,1
10.229,off_line,0.2443,NaN,0.05,0.0,0.0,0.7064,1
10.261,off_line,0.2275,NaN,0.05,0.0,0.0,0.7238,1
10.324,off_line,0.2275,NaN,0.05,0.0,0.0,0.7238,1
10.356,off_line,0.244,NaN,0.05,0.0,0.0,0.7147,1
10.39,off_line,0.2718,NaN,0.05,0.0,0.0,0.684,1
10.42,off_line,0.2718,NaN,0.05,0.0,0.0,0.684,1
10.453,off_line,0.2427,NaN,0.05,0.0,0.0,0.7091,1
10.486,off_line,0.2038,NaN,0.05,0.0,0.0,0.7445,1
10.517,off_line,0.2672,NaN,0.05,0.0,0.0,0.6858,1
10.564,off_line,0.2672,NaN,0.05,0.0,0.0,0.6858,1
10.598,off_line,0.2758,NaN,0.05,0.0,0.0,0.6808,1
10.628,off_line,0.2193,NaN,0.05,0.0,0.0,0.7351,1
10.66,off_line,0.2193,NaN,0.05,0.0,0.0,0.7351,1
10.694,off_line,0.2388,NaN,0.05,0.0,0.0,0.7185,1
10.725,off_line,0.2675,NaN,0.05,0.0,0.0,0.683,1
10.756,off_line,0.2675,NaN,0.05,0.0,0.0,0.683,1
10.79,off_line,0.3244,NaN,0.05,0.0,0.0,0.6244,1
10.822,off_line,0.2893,NaN,0.05,0.0,0.0,0.6589,1
10.852,off_line,0.2893,NaN,0.05,0.0,0.0,0.6589,1
10.885,off_line,0.2321,NaN,0.05,0.0,0.0,0.716,1
10.917,off_line,0.2502,NaN,0.05,0.0,0.0,0.6951,1
10.964,off_line,0.2502,NaN,0.05,0.0,0.0,0.6951,1
10.997,off_line,0.3169,NaN,0.05,0.0,0.0,0.6238,1
11.028,off_line,0.3157,NaN,0.05,0.0,0.0,0.6172,1
11.062,off_line,0.3157,NaN,0.05,0.0,0.0,0.6172,1
11.094,off_line,0.4281,NaN,0.2751,1.0,60.0,0.5116,0
11.125,off_line,0.4597,NaN,0.2696,0.3355,39.8673,0.4788,0
11.157,off_line,0.4597,NaN,0.2696,0.1841,9.0861,0.4788,0
11.189,right,0.4882,NaN,0.2646,0.3325,8.9052,0.4527,0
11.221,right,0.5035,NaN,0.2619,0.2748,3.4625,0.444,0
11.252,right,0.5035,NaN,0.2619,0.2019,4.3779,0.444,0
11.284,right,0.6479,NaN,0.2366,0.9532,45.0814,0.3093,0
11.316,right,0.7729,NaN,0.2147,0.91,2.5941,0.1954,0
11.364,right,0.7729,NaN,0.2147,0.31,35.9975,0.1954,0
11.396,right,0.8919,NaN,0.1939,0.9289,37.134,0.0814,0
11.428,right,0.9371,NaN,0.186,0.5929,20.1598,0.0441,0
11.46,right,0.9668,43.93,0.1808,0.5306,3.7404,0.0156,0
11.493,right,0.9668,43.93,0.1808,0.3882,8.5431,0.0156,0
11.524,right,0.9728,42.56,0.1798,0.4197,1.8881,0.0092,0
11.556,right,0.9788,139.82,0.1787,0.422,0.1414,0.0073,0
11.589,right,0.9788,139.82,0.1787,0.3935,1.7122,0.0073,0
11.621,right,0.9809,143.56,0.1783,0.4044,0.6557,0.0073,0
11.653,right,0.987,93.91,0.1773,0.4264,1.3193,0.0048,0
11.683,right,0.9822,96.15,0.1781,0.3725,3.2362,0.0079,0
11.717,right,0.9822,96.15,0.1781,0.3955,1.3824,0.0079,0
11.764,right,0.9583,-33.69,0.1823,0.2714,7.4478,0.0195,0
11.798,right,0.9433,-40.03,0.1849,0.3079,2.19,0.0218,0
11.827,right,0.9433,-40.03,0.1849,0.3804,4.3509,0.0218,0
11.861,right,0.8841,-45.02,0.1953,0.0729,18.4521,0.0367,0
11.892,right,0.8095,-44.41,0.2083,-0.0307,6.2112,0.058,0
11.926,right,0.8095,-44.41,0.2083,0.3273,21.479,0.058,0
11.956,right,0.8001,-37.68,0.21,0.2782,2.9483,0.0521,0
12.02,right,0.744,-30.56,0.2198,0.0323,14.7504,0.0476,0
12.053,right,0.7848,-19.17,0.2127,0.5137,28.8796,0.0428,0
12.084,right,0.7848,-19.17,0.2127,0.3179,11.7431,0.0428,0
12.116,right,0.7564,NaN,0.2176,0.1701,8.8696,0.0811,0
12.163,right,0.6194,NaN,0.2416,-0.4055,34.5345,0.1561,0
12.197,right,0.6194,NaN,0.2416,0.2521,39.4539,0.1561,0
12.231,off_line,0.2751,71.8,0.3019,-1.0,75.1267,0.51,0
12.261,off_line,0.3111,NaN,0.2956,0.3016,78.0962,0.4893,0
12.293,off_line,0.3111,NaN,0.2956,0.1289,10.3598,0.4893,0
12.325,off_line,0.1674,NaN,0.05,0.0,7.7364,0.7133,1
12.357,off_line,0.1157,NaN,0.05,0.0,0.0,0.8008,1
12.389,off_line,0.0775,NaN,0.05,0.0,0.0,0.8328,1
12.42,off_line,0.0488,NaN,0.05,0.0,0.0,0.8803,1
12.454,off_line,0.0488,NaN,0.05,0.0,0.0,0.8803,1
12.484,off_line,0.0451,NaN,0.05,0.0,0.0,0.8669,1
12.516,off_line,0.0337,NaN,0.05,0.0,0.0,0.8894,1
12.563,off_line,0.0337,NaN,0.05,0.0,0.0,0.8894,1
12.598,off_line,0.0348,NaN,0.05,0.0,0.0,0.906,1
12.628,off_line,0.0372,NaN,0.05,0.0,0.0,0.8938,1
12.661,off_line,0.0372,NaN,0.05,0.0,0.0,0.8938,1
12.693,off_line,0.0306,NaN,0.05,0.0,0.0,0.8969,1
12.725,off_line,0.0273,NaN,0.05,0.0,0.0,0.9089,1
12.758,off_line,0.0273,NaN,0.05,0.0,0.0,0.9089,1
12.789,off_line,0.0357,NaN,0.05,0.0,0.0,0.9166,1
12.821,off_line,0.0362,NaN,0.05,0.0,0.0,0.9122,1
12.853,off_line,0.0362,NaN,0.05,0.0,0.0,0.9122,1
12.884,off_line,0.0447,NaN,0.05,0.0,0.0,0.9022,1
12.917,off_line,0.04,NaN,0.05,0.0,0.0,0.9018,1
12.964,off_line,0.04,NaN,0.05,0.0,0.0,0.9018,1
12.996,off_line,0.0267,NaN,0.05,0.0,0.0,0.898,1
13.029,off_line,0.036,NaN,0.05,0.0,0.0,0.8883,1
13.061,off_line,0.036,NaN,0.05,0.0,0.0,0.8883,1
13.094,off_line,0.0437,NaN,0.05,0.0,0.0,0.8944,1
13.125,off_line,0.0327,NaN,0.05,0.0,0.0,0.9086,1
13.157,off_line,0.0256,NaN,0.05,0.0,0.0,0.9206,1
13.189,off_line,0.0295,NaN,0.05,0.0,0.0,0.9208,1
13.22,off_line,0.0295,NaN,0.05,0.0,0.0,0.9208,1
13.251,off_line,0.0348,NaN,0.05,0.0,0.0,0.9104,1
13.286,off_line,0.031,NaN,0.05,0.0,0.0,0.907,1
13.316,off_line,0.031,NaN,0.05,0.0,0.0,0.907,1
13.364,off_line,0.0403,NaN,0.05,0.0,0.0,0.9088,1
13.399,off_line,0.0382,NaN,0.05,0.0,0.0,0.9028,1
13.427,off_line,0.0382,NaN,0.05,0.0,0.0,0.9028,1
13.461,off_line,0.0476,NaN,0.05,0.0,0.0,0.8936,1
13.494,off_line,0.0461,NaN,0.05,0.0,0.0,0.8944,1
13.523,off_line,0.0324,NaN,0.05,0.0,0.0,0.9145,1
13.557,off_line,0.0324,NaN,0.05,0.0,0.0,0.9145,1
13.589,off_line,0.0486,NaN,0.05,0.0,0.0,0.89,1
13.622,off_line,0.0411,NaN,0.05,0.0,0.0,0.8901,1
13.652,off_line,0.0305,NaN,0.05,0.0,0.0,0.9121,1
13.715,off_line,0.0305,NaN,0.05,0.0,0.0,0.9121,1
13.764,off_line,0.0372,NaN,0.05,0.0,0.0,0.8934,1
13.796,off_line,0.0418,NaN,0.05,0.0,0.0,0.8811,1
13.829,off_line,0.0418,NaN,0.05,0.0,0.0,0.8811,1
13.861,off_line,0.0317,NaN,0.05,0.0,0.0,0.9002,1
13.894,off_line,0.0307,NaN,0.05,0.0,0.0,0.9021,1
13.925,off_line,0.0291,NaN,0.05,0.0,0.0,0.9076,1
13.957,off_line,0.0291,NaN,0.05,0.0,0.0,0.9076,1
13.989,off_line,0.0332,NaN,0.05,0.0,0.0,0.8988,1
14.022,off_line,0.0323,NaN,0.05,0.0,0.0,0.8964,1
14.054,off_line,0.0466,NaN,0.05,0.0,0.0,0.8894,1
14.085,off_line,0.0466,NaN,0.05,0.0,0.0,0.8894,1
14.117,off_line,0.0494,NaN,0.05,0.0,0.0,0.901,1
14.164,off_line,0.0482,NaN,0.05,0.0,0.0,0.9039,1
14.196,off_line,0.052,NaN,0.05,0.0,0.0,0.9003,1
14.229,off_line,0.052,NaN,0.05,0.0,0.0,0.9003,1
14.261,off_line,0.0601,NaN,0.05,0.0,0.0,0.8847,1
14.293,off_line,0.0697,NaN,0.05,0.0,0.0,0.8686,1
14.325,off_line,0.0697,NaN,0.05,0.0,0.0,0.8686,1
14.357,off_line,0.0419,NaN,0.05,0.0,0.0,0.897,1
14.39,off_line,0.0465,NaN,0.05,0.0,0.0,0.8944,1
14.42,off_line,0.0465,NaN,0.05,0.0,0.0,0.8944,1
14.453,off_line,0.0427,NaN,0.05,0.0,0.0,0.8974,1
14.485,off_line,0.0446,NaN,0.05,0.0,0.0,0.8943,1
14.516,off_line,0.0356,NaN,0.05,0.0,0.0,0.9075,1
14.563,off_line,0.0356,NaN,0.05,0.0,0.0,0.9075,1
14.598,off_line,0.0312,NaN,0.05,0.0,0.0,0.9044,1
14.629,off_line,0.0377,NaN,0.05,0.0,0.0,0.8985,1
14.661,off_line,0.0377,NaN,0.05,0.0,0.0,0.8985,1
14.693,off_line,0.0452,NaN,0.05,0.0,0.0,0.896,1
14.724,off_line,0.0436,NaN,0.05,0.0,0.0,0.8985,1
14.758,off_line,0.0436,NaN,0.05,0.0,0.0,0.8985,1
14.788,off_line,0.0424,NaN,0.05,0.0,0.0,0.9074,1
14.82,off_line,0.0537,NaN,0.05,0.0,0.0,0.8913,1
14.852,off_line,0.0537,NaN,0.05,0.0,0.0,0.8913,1
14.885,off_line,0.0501,NaN,0.05,0.0,0.0,0.8967,1
14.917,off_line,0.0501,NaN,0.05,0.0,0.0,0.8967,1
14.963,off_line,0.0464,NaN,0.05,0.0,0.0,0.9001,1
14.996,off_line,0.0522,NaN,0.05,0.0,0.0,0.8877,1
15.028,off_line,0.0513,NaN,0.05,0.0,0.0,0.8793,1
15.061,off_line,0.0513,NaN,0.05,0.0,0.0,0.8793,1
15.094,off_line,0.0435,NaN,0.05,0.0,0.0,0.879,1
15.126,off_line,0.0374,NaN,0.05,0.0,0.0,0.8935,1
15.157,off_line,0.0374,NaN,0.05,0.0,0.0,0.8935,1
15.189,off_line,0.0366,NaN,0.05,0.0,0.0,0.9028,1
15.22,off_line,0.0455,NaN,0.05,0.0,0.0,0.891,1
15.252,off_line,0.0562,NaN,0.05,0.0,0.0,0.878,1
15.285,off_line,0.0562,NaN,0.05,0.0,0.0,0.878,1
15.316,off_line,0.0364,NaN,0.05,0.0,0.0,0.905,1
15.364,off_line,0.1442,NaN,0.05,0.0,0.0,0.8086,1
15.427,off_line,0.1442,NaN,0.05,0.0,0.0,0.8086,1
15.462,right,0.6348,NaN,0.2389,1.0,60.0,0.3446,0
15.493,right,0.8525,NaN,0.2008,1.0,0.0,0.1361,0
15.525,right,0.8525,NaN,0.2008,0.3414,39.5173,0.1361,0
15.558,right,0.9938,NaN,0.1761,1.0,39.5173,0.0049,0
15.591,right,0.9927,NaN,0.1763,0.3927,36.4361,0.0028,0
15.62,right,0.9927,NaN,0.1763,0.398,0.315,0.0028,0
15.652,right,0.9847,NaN,0.1777,0.3563,2.5002,0.0024,0
15.685,right,0.9919,NaN,0.1764,0.4325,4.5707,0.0009,0
15.716,right,0.9919,NaN,0.1764,0.3981,2.0613,0.0009,0
15.764,right,0.996,NaN,0.1757,0.4197,1.2951,0.0002,0
15.795,right,0.9961,NaN,0.1757,0.4006,1.146,0.0,0
15.829,right,0.9961,NaN,0.1757,0.4003,0.018,0.0,0
15.862,right,0.9995,NaN,0.1751,0.4182,1.071,0.0,0
15.893,right,0.9992,145.48,0.1751,0.4003,1.0706,0.0,0
15.924,right,0.9979,132.58,0.1754,0.3954,0.2949,0.0,0
15.957,right,0.9979,132.58,0.1754,0.4017,0.3776,0.0,0
15.989,right,0.978,91.5,0.1788,0.2984,6.1957,0.0,0
16.022,right,0.9452,NaN,0.1846,0.2236,4.488,0.0,0
16.054,right,0.8853,NaN,0.1951,0.0696,9.2455,0.0,0
16.084,right,0.8853,NaN,0.1951,0.3573,17.2643,0.0,0
16.118,left,-0.0178,NaN,0.3469,-1.0,81.4374,0.0,0
16.164,left,-0.8077,NaN,0.2087,-1.0,0.0,0.0,0
16.198,left,-0.9119,NaN,0.1904,-0.8619,8.2842,0.0,0
16.229,left,-0.9119,NaN,0.1904,-0.362,29.9941,0.0,0
16.261,left,-0.9977,-130.86,0.1754,-0.8086,26.7922,0.0,0
16.293,left,-0.9987,-147.9,0.1752,-0.402,24.3912,0.0,0
16.324,left,-0.9987,-147.9,0.1752,-0.3973,0.2862,0.0,0
16.358,left,-1.0,NaN,0.175,-0.404,0.4015,0.0,0
16.391,left,-1.0,NaN,0.175,-0.3981,0.35,0.0,0
16.42,left,-1.0,NaN,0.175,-0.3983,0.0088,0.0,0
16.452,left,-1.0,NaN,0.175,-0.3984,0.0099,0.0,0
16.485,left,-1.0,NaN,0.175,-0.3986,0.0089,0.0,0
16.517,left,-1.0,NaN,0.175,-0.3988,0.0112,0.0,0
16.549,off_line,-0.0371,NaN,0.05,0.0,23.9267,0.8582,1
16.596,off_line,-0.0371,NaN,0.05,0.0,0.0,0.8582,1
16.628,off_line,0.0338,NaN,0.05,0.0,0.0,0.8674,1
16.661,off_line,0.0223,NaN,0.05,0.0,0.0,0.8864,1
16.693,off_line,0.0223,NaN,0.05,0.0,0.0,0.8897,1
16.724,off_line,0.0223,NaN,0.05,0.0,0.0,0.8897,1
16.756,off_line,0.0281,NaN,0.05,0.0,0.0,0.8912,1
16.79,off_line,0.0371,NaN,0.05,0.0,0.0,0.8732,1
16.822,off_line,0.0371,NaN,0.05,0.0,0.0,0.8732,1
16.852,off_line,0.0424,NaN,0.05,0.0,0.0,0.8572,1
16.886,off_line,0.0476,NaN,0.05,0.0,0.0,0.8669,1
16.916,off_line,0.0476,NaN,0.05,0.0,0.0,0.8669,1
16.964,off_line,0.0549,NaN,0.05,0.0,0.0,0.8725,1
16.998,off_line,0.0525,NaN,0.05,0.0,0.0,0.8712,1
17.028,off_line,0.0649,NaN,0.05,0.0,0.0,0.8427,1
17.061,off_line,0.0649,NaN,0.05,0.0,0.0,0.8427,1
17.124,off_line,0.0487,NaN,0.05,0.0,0.0,0.867,1
17.158,off_line,0.0448,NaN,0.05,0.0,0.0,0.8755,1
17.189,off_line,0.0448,NaN,0.05,0.0,0.0,0.8755,1
17.221,off_line,0.0523,NaN,0.05,0.0,0.0,0.8575,1
17.253,off_line,0.0523,NaN,0.05,0.0,0.0,0.8534,1
17.284,off_line,0.0509,NaN,0.05,0.0,0.0,0.8963,1
17.317,off_line,0.0509,NaN,0.05,0.0,0.0,0.8963,1
17.363,off_line,0.0589,NaN,0.05,0.0,0.0,0.8787,1
17.396,off_line,0.0553,NaN,0.05,0.0,0.0,0.8813,1
17.429,off_line,0.0553,NaN,0.05,0.0,0.0,0.8813,1
17.461,off_line,0.081,NaN,0.05,0.0,0.0,0.8494,1
17.492,off_line,0.0595,NaN,0.05,0.0,0.0,0.88,1
17.528,off_line,0.0595,NaN,0.05,0.0,0.0,0.88,1
17.556,off_line,0.0552,NaN,0.05,0.0,0.0,0.8691,1
17.589,off_line,0.0512,NaN,0.05,0.0,0.0,0.8745,1
17.622,off_line,0.0512,NaN,0.05,0.0,0.0,0.8745,1
17.653,off_line,0.0619,NaN,0.05,0.0,0.0,0.864,1
17.685,off_line,0.0516,NaN,0.05,0.0,0.0,0.8745,1
17.716,off_line,0.0516,NaN,0.05,0.0,0.0,0.8745,1
17.764,off_line,0.0608,NaN,0.05,0.0,0.0,0.8565,1
17.796,off_line,0.053,NaN,0.05,0.0,0.0,0.8705,1
17.829,off_line,0.053,NaN,0.05,0.0,0.0,0.8705,1
17.86,off_line,0.0672,NaN,0.05,0.0,0.0,0.8495,1
17.894,off_line,0.0571,NaN,0.05,0.0,0.0,0.8637,1
17.925,off_line,0.0571,NaN,0.05,0.0,0.0,0.8637,1
17.956,off_line,0.0541,NaN,0.05,0.0,0.0,0.8792,1
17.989,off_line,0.0647,NaN,0.05,0.0,0.0,0.8574,1
18.019,off_line,0.0647,NaN,0.05,0.0,0.0,0.8574,1
18.052,off_line,0.0522,NaN,0.05,0.0,0.0,0.8752,1
18.085,off_line,0.0536,NaN,0.05,0.0,0.0,0.8816,1
18.115,off_line,0.0536,NaN,0.05,0.0,0.0,0.8816,1
18.163,off_line,0.0593,NaN,0.05,0.0,0.0,0.8822,1
18.195,off_line,0.055,NaN,0.05,0.0,0.0,0.8874,1
18.229,off_line,0.0618,NaN,0.05,0.0,0.0,0.8694,1
18.26,off_line,0.0508,NaN,0.05,0.0,0.0,0.8892,1
18.293,off_line,0.0508,NaN,0.05,0.0,0.0,0.8892,1
18.326,off_line,0.0454,NaN,0.05,0.0,0.0,0.8837,1
18.356,off_line,0.0465,NaN,0.05,0.0,0.0,0.8805,1
18.389,off_line,0.0433,NaN,0.05,0.0,0.0,0.8855,1
18.42,off_line,0.0433,NaN,0.05,0.0,0.0,0.8855,1
18.453,off_line,0.065,NaN,0.05,0.0,0.0,0.8488,1
18.484,off_line,0.0447,NaN,0.05,0.0,0.0,0.8746,1
18.517,off_line,0.0447,NaN,0.05,0.0,0.0,0.8746,1
18.564,off_line,0.045,NaN,0.05,0.0,0.0,0.8798,1
18.597,off_line,0.054,NaN,0.05,0.0,0.0,0.8718,1
18.628,off_line,0.054,NaN,0.05,0.0,0.0,0.8718,1
18.66,off_line,0.0438,NaN,0.05,0.0,0.0,0.8896,1
18.693,off_line,0.0525,NaN,0.05,0.0,0.0,0.8774,1
18.727,off_line,0.0525,NaN,0.05,0.0,0.0,0.8774,1
18.756,off_line,0.0581,NaN,0.05,0.0,0.0,0.865,1
18.819,off_line,0.0532,NaN,0.05,0.0,0.0,0.8805,1
18.854,off_line,0.0465,NaN,0.05,0.0,0.0,0.8875,1
18.887,off_line,0.0465,NaN,0.05,0.0,0.0,0.8875,1
18.916,off_line,0.032,NaN,0.05,0.0,0.0,0.903,1
18.964,off_line,0.0407,NaN,0.05,0.0,0.0,0.9032,1
18.997,off_line,0.0407,NaN,0.05,0.0,0.0,0.9032,1
19.031,off_line,0.0431,NaN,0.05,0.0,0.0,0.8999,1
19.06,off_line,0.0368,NaN,0.05,0.0,0.0,0.9018,1
19.094,off_line,0.0368,NaN,0.05,0.0,0.0,0.9018,1
19.124,off_line,0.0531,NaN,0.05,0.0,0.0,0.8836,1
19.156,off_line,0.0534,NaN,0.05,0.0,0.0,0.8811,1
19.191,off_line,0.0539,NaN,0.05,0.0,0.0,0.8774,1
19.22,off_line,0.0539,NaN,0.05,0.0,0.0,0.8774,1
19.253,off_line,0.0484,NaN,0.05,0.0,0.0,0.8828,1
19.286,off_line,0.0419,NaN,0.05,0.0,0.0,0.8866,1
19.316,off_line,0.0419,NaN,0.05,0.0,0.0,0.8866,1
19.363,off_line,0.0407,NaN,0.05,0.0,0.0,0.8953,1
19.396,off_line,0.0317,NaN,0.05,0.0,0.0,0.9065,1
19.43,off_line,0.0317,NaN,0.05,0.0,0.0,0.9065,1
19.463,off_line,0.036,NaN,0.05,0.0,0.0,0.9059,1
19.493,off_line,0.0304,NaN,0.05,0.0,0.0,0.9209,1
19.526,off_line,0.0304,NaN,0.05,0.0,0.0,0.9209,1
19.559,off_line,0.0407,NaN,0.05,0.0,0.0,0.8983,1
19.59,off_line,0.037,NaN,0.05,0.0,0.0,0.9018,1
19.62,off_line,0.037,NaN,0.05,0.0,0.0,0.9018,1
19.652,off_line,0.0459,NaN,0.05,0.0,0.0,0.8941,1
19.685,off_line,0.0514,NaN,0.05,0.0,0.0,0.877,1
19.716,off_line,0.0514,NaN,0.05,0.0,0.0,0.877,1
19.764,off_line,0.0366,NaN,0.05,0.0,0.0,0.8866,1
19.795,off_line,0.0399,NaN,0.05,0.0,0.0,0.8865,1
19.829,off_line,0.0399,NaN,0.05,0.0,0.0,0.8865,1
19.861,off_line,0.039,NaN,0.05,0.0,0.0,0.8967,1
19.894,off_line,0.0343,NaN,0.05,0.0,0.0,0.9001,1
19.926,off_line,0.0474,NaN,0.05,0.0,0.0,0.8836,1
19.956,off_line,0.0474,NaN,0.05,0.0,0.0,0.8836,1
19.989,off_line,0.0443,NaN,0.05,0.0,0.0,0.8968,1
20.021,off_line,0.0443,NaN,0.05,0.0,0.0,0.8968,1
20.052,off_line,0.0431,NaN,0.05,0.0,0.0,0.8941,1
20.085,off_line,0.0452,NaN,0.05,0.0,0.0,0.902,1
20.115,off_line,0.0452,NaN,0.05,0.0,0.0,0.902,1
20.163,off_line,0.0572,NaN,0.05,0.0,0.0,0.885,1
20.197,off_line,0.0487,NaN,0.05,0.0,0.0,0.8923,1
20.228,off_line,0.0487,NaN,0.05,0.0,0.0,0.8923,1
20.261,off_line,0.0597,NaN,0.05,0.0,0.0,0.8857,1
20.294,off_line,0.0565,NaN,0.05,0.0,0.0,0.8864,1
20.325,off_line,0.0565,NaN,0.05,0.0,0.0,0.8864,1
20.357,off_line,0.051,NaN,0.05,0.0,0.0,0.891,1
20.389,off_line,0.0419,NaN,0.05,0.0,0.0,0.899,1
20.42,off_line,0.0419,NaN,0.05,0.0,0.0,0.899,1
20.452,off_line,0.0482,NaN,0.05,0.0,0.0,0.8819,1
20.515,off_line,0.0449,NaN,0.05,0.0,0.0,0.8972,1
20.563,off_line,0.0449,NaN,0.05,0.0,0.0,0.8972,1
20.598,off_line,0.0772,NaN,0.05,0.0,0.0,0.8392,1
20.628,off_line,0.0753,NaN,0.05,0.0,0.0,0.8523,1
20.661,off_line,0.0753,NaN,0.05,0.0,0.0,0.8523,1
20.694,right,0.3816,NaN,0.2832,1.0,60.0,0.3294,0
20.725,off_line,0.2089,NaN,0.05,0.0,60.0,0.6101,1
20.756,off_line,0.2089,NaN,0.05,0.0,0.0,0.6101,1
20.79,off_line,0.1125,NaN,0.05,0.0,0.0,0.8173,1
20.822,off_line,0.0881,NaN,0.05,0.0,0.0,0.8449,1
20.851,off_line,0.0881,NaN,0.05,0.0,0.0,0.8449,1
20.886,off_line,0.0794,NaN,0.05,0.0,0.0,0.8628,1
20.916,off_line,0.0674,NaN,0.05,0.0,0.0,0.8702,1
20.964,off_line,0.0674,NaN,0.05,0.0,0.0,0.8702,1
20.997,off_line,0.0698,NaN,0.05,0.0,0.0,0.879,1
21.027,off_line,0.0769,NaN,0.05,0.0,0.0,0.8656,1
21.062,off_line,0.0769,NaN,0.05,0.0,0.0,0.8656,1
21.095,off_line,0.0772,NaN,0.05,0.0,0.0,0.8705,1
21.127,off_line,0.0802,NaN,0.05,0.0,0.0,0.849,1
21.157,off_line,0.0802,NaN,0.05,0.0,0.0,0.849,1
21.19,off_line,0.0754,NaN,0.05,0.0,0.0,0.8569,1
21.222,off_line,0.0642,NaN,0.05,0.0,0.0,0.8644,1
21.253,off_line,0.0642,NaN,0.05,0.0,0.0,0.8644,1
21.286,off_line,0.0774,NaN,0.05,0.0,0.0,0.83,1
21.317,off_line,0.0837,NaN,0.05,0.0,0.0,0.8245,1
21.363,off_line,0.0659,NaN,0.05,0.0,0.0,0.8442,1
21.396,off_line,0.0659,NaN,0.05,0.0,0.0,0.8442,1
21.428,off_line,0.0476,NaN,0.05,0.0,0.0,0.8711,1
21.461,off_line,0.0514,NaN,0.05,0.0,0.0,0.8706,1
21.495,off_line,0.0514,NaN,0.05,0.0,0.0,0.8706,1
21.525,off_line,0.0426,NaN,0.05,0.0,0.0,0.8547,1
21.558,off_line,0.0442,NaN,0.05,0.0,0.0,0.8458,1
21.589,off_line,0.0442,NaN,0.05,0.0,0.0,0.8458,1
21.62,off_line,0.0477,NaN,0.05,0.0,0.0,0.8173,1
21.651,off_line,0.047,NaN,0.05,0.0,0.0,0.8181,1
21.684,off_line,0.0413,NaN,0.05,0.0,0.0,0.8212,1
21.717,off_line,0.0444,NaN,0.05,0.0,0.0,0.8132,1
21.763,off_line,0.0444,NaN,0.05,0.0,0.0,0.8132,1
21.798,off_line,0.0361,NaN,0.05,0.0,0.0,0.8253,1
21.828,off_line,0.0349,NaN,0.05,0.0,0.0,0.8532,1
21.862,off_line,0.0312,NaN,0.05,0.0,0.0,0.8717,1
21.894,off_line,0.0312,NaN,0.05,0.0,0.0,0.8717,1
21.924,off_line,0.0334,NaN,0.05,0.0,0.0,0.867,1
21.956,off_line,0.0369,NaN,0.05,0.0,0.0,0.8623,1
21.989,off_line,0.0347,NaN,0.05,0.0,0.0,0.8432,1
22.02,off_line,0.0347,NaN,0.05,0.0,0.0,0.8432,1
22.053,off_line,0.045,NaN,0.05,0.0,0.0,0.8235,1
22.085,off_line,0.0395,NaN,0.05,0.0,0.0,0.8376,1
22.116,off_line,0.0395,NaN,0.05,0.0,0.0,0.8376,1
22.164,off_line,0.0425,NaN,0.05,0.0,0.0,0.8336,1
22.197,off_line,0.0321,NaN,0.05,0.0,0.0,0.8588,1
22.259,off_line,0.0321,NaN,0.05,0.0,0.0,0.8588,1
22.292,off_line,0.0227,NaN,0.05,0.0,0.0,0.8749,1
22.326,off_line,0.0235,NaN,0.05,0.0,0.0,0.8753,1
22.357,off_line,0.019,NaN,0.05,0.0,0.0,0.9071,1
22.39,off_line,0.0255,NaN,0.05,0.0,0.0,0.8888,1
22.42,off_line,0.0255,NaN,0.05,0.0,0.0,0.8888,1
22.453,off_line,0.0425,NaN,0.05,0.0,0.0,0.8578,1
22.485,off_line,0.0453,NaN,0.05,0.0,0.0,0.8532,1
22.516,off_line,0.0453,NaN,0.05,0.0,0.0,0.8532,1
22.563,off_line,0.0439,NaN,0.05,0.0,0.0,0.825,1
22.596,off_line,0.0318,NaN,0.05,0.0,0.0,0.8541,1
22.629,off_line,0.0318,NaN,0.05,0.0,0.0,0.8541,1
22.66,off_line,0.0282,NaN,0.05,0.0,0.0,0.858,1
22.692,off_line,0.0361,NaN,0.05,0.0,0.0,0.8174,1
22.725,off_line,0.0361,NaN,0.05,0.0,0.0,0.8174,1
22.757,off_line,0.0241,NaN,0.05,0.0,0.0,0.8602,1
22.788,off_line,0.0229,NaN,0.05,0.0,0.0,0.8804,1
22.821,off_line,0.0291,NaN,0.05,0.0,0.0,0.8742,1
22.853,off_line,0.0291,NaN,0.05,0.0,0.0,0.8742,1
22.884,off_line,0.0285,NaN,0.05,0.0,0.0,0.8598,1
22.916,off_line,0.0365,NaN,0.05,0.0,0.0,0.8426,1
22.964,off_line,0.0365,NaN,0.05,0.0,0.0,0.8426,1
22.998,off_line,0.039,NaN,0.05,0.0,0.0,0.8196,1
23.028,off_line,0.0344,NaN,0.05,0.0,0.0,0.7978,1
23.062,off_line,0.0413,NaN,0.05,0.0,0.0,0.8083,1
23.094,off_line,0.0413,NaN,0.05,0.0,0.0,0.8083,1
23.124,off_line,0.0405,NaN,0.05,0.0,0.0,0.8135,1
23.156,off_line,0.0395,NaN,0.05,0.0,0.0,0.8161,1
23.189,off_line,0.0383,NaN,0.05,0.0,0.0,0.8147,1
23.219,off_line,0.0383,NaN,0.05,0.0,0.0,0.8147,1
23.252,off_line,0.0311,NaN,0.05,0.0,0.0,0.8695,1
23.285,off_line,0.0355,NaN,0.05,0.0,0.0,0.8601,1
23.316,off_line,0.0355,NaN,0.05,0.0,0.0,0.8601,1
23.363,off_line,0.0363,NaN,0.05,0.0,0.0,0.8742,1
23.396,off_line,0.0363,NaN,0.05,0.0,0.0,0.8742,1
23.429,off_line,0.0485,NaN,0.05,0.0,0.0,0.8228,1
23.461,off_line,0.0529,NaN,0.05,0.0,0.0,0.8387,1
23.492,off_line,0.0529,NaN,0.05,0.0,0.0,0.8387,1
23.524,off_line,0.0467,NaN,0.05,0.0,0.0,0.8234,1
23.56,off_line,0.0334,NaN,0.05,0.0,0.0,0.8291,1
23.589,off_line,0.0334,NaN,0.05,0.0,0.0,0.8291,1
23.62,off_line,0.037,NaN,0.05,0.0,0.0,0.8347,1
23.653,off_line,0.0286,NaN,0.05,0.0,0.0,0.8106,1
23.685,off_line,0.0286,NaN,0.05,0.0,0.0,0.8106,1
23.716,off_line,0.0251,NaN,0.05,0.0,0.0,0.8626,1
23.764,off_line,0.0313,NaN,0.05,0.0,0.0,0.8468,1
23.796,off_line,0.0313,NaN,0.05,0.0,0.0,0.8468,1
23.828,off_line,0.0274,NaN,0.05,0.0,0.0,0.8793,1
23.861,off_line,0.0382,NaN,0.05,0.0,0.0,0.8746,1
23.924,off_line,0.0382,NaN,0.05,0.0,0.0,0.8746,1
23.957,off_line,0.043,NaN,0.05,0.0,0.0,0.8577,1
23.99,off_line,0.0473,NaN,0.05,0.0,0.0,0.848,1
24.02,off_line,0.0473,NaN,0.05,0.0,0.0,0.848,1
24.053,off_line,0.0428,NaN,0.05,0.0,0.0,0.8382,1
24.084,off_line,0.0407,NaN,0.05,0.0,0.0,0.8319,1
24.116,off_line,0.0407,NaN,0.05,0.0,0.0,0.8319,1
24.164,off_line,0.0462,NaN,0.05,0.0,0.0,0.8252,1
24.196,off_line,0.0389,NaN,0.05,0.0,0.0,0.8202,1
24.229,off_line,0.0389,NaN,0.05,0.0,0.0,0.8202,1
24.261,off_line,0.0407,NaN,0.05,0.0,0.0,0.8306,1
24.293,off_line,0.0362,NaN,0.05,0.0,0.0,0.8447,1
24.327,off_line,0.0362,NaN,0.05,0.0,0.0,0.8447,1
24.356,off_line,0.029,NaN,0.05,0.0,0.0,0.8778,1
24.389,off_line,0.0368,NaN,0.05,0.0,0.0,0.8648,1
24.42,off_line,0.0368,NaN,0.05,0.0,0.0,0.8648,1
24.452,off_line,0.0355,NaN,0.05,0.0,0.0,0.8603,1
24.485,off_line,0.0579,NaN,0.05,0.0,0.0,0.796,1
24.516,off_line,0.0579,NaN,0.05,0.0,0.0,0.796,1
24.563,off_line,0.0472,NaN,0.05,0.0,0.0,0.8116,1
24.596,off_line,0.0532,NaN,0.05,0.0,0.0,0.8017,1
24.628,off_line,0.0532,NaN,0.05,0.0,0.0,0.8017,1
24.661,off_line,0.0535,NaN,0.05,0.0,0.0,0.7985,1
24.693,off_line,0.0412,NaN,0.05,0.0,0.0,0.7897,1
24.725,off_line,0.0386,NaN,0.05,0.0,0.0,0.8181,1
24.758,off_line,0.0386,NaN,0.05,0.0,0.0,0.8181,1
24.789,off_line,0.0334,NaN,0.05,0.0,0.0,0.842,1
24.822,off_line,0.035,NaN,0.05,0.0,0.0,0.8542,1
24.853,off_line,0.0289,NaN,0.05,0.0,0.0,0.8743,1
24.885,off_line,0.0289,NaN,0.05,0.0,0.0,0.8743,1
24.916,off_line,0.0313,NaN,0.05,0.0,0.0,0.882,1
24.963,off_line,0.0386,NaN,0.05,0.0,0.0,0.8642,1
24.997,off_line,0.0386,NaN,0.05,0.0,0.0,0.8642,1
25.029,off_line,0.0516,NaN,0.05,0.0,0.0,0.837,1
25.061,off_line,0.0516,NaN,0.05,0.0,0.0,0.837,1
25.094,off_line,0.0492,NaN,0.05,0.0,0.0,0.8284,1
25.127,off_line,0.05,NaN,0.05,0.0,0.0,0.8236,1
25.156,off_line,0.0402,NaN,0.05,0.0,0.0,0.834,1
25.188,off_line,0.0402,NaN,0.05,0.0,0.0,0.834,1
25.219,off_line,0.0296,NaN,0.05,0.0,0.0,0.8489,1
25.253,off_line,0.0352,NaN,0.05,0.0,0.0,0.8435,1
25.283,off_line,0.0352,NaN,0.05,0.0,0.0,0.8435,1
25.316,off_line,0.0384,NaN,0.05,0.0,0.0,0.8293,1
25.348,off_line,0.0366,NaN,0.05,0.0,0.0,0.8677,1
25.395,off_line,0.0358,NaN,0.05,0.0,0.0,0.8683,1
25.428,off_line,0.0358,NaN,0.05,0.0,0.0,0.8683,1
25.46,off_line,0.0477,NaN,0.05,0.0,0.0,0.8468,1
25.493,off_line,0.0505,NaN,0.05,0.0,0.0,0.8299,1
25.524,off_line,0.0998,NaN,0.05,0.0,0.0,0.8068,1
25.589,right,0.7445,NaN,0.2197,1.0,60.0,0.2158,0
25.652,right,0.9607,NaN,0.1819,1.0,0.0,0.0273,0
25.684,right,0.9408,NaN,0.1854,0.2817,43.1009,0.0141,0
25.716,right,0.9408,NaN,0.1854,0.3769,5.7168,0.0141,0
25.764,right,0.9654,NaN,0.181,0.505,7.6838,0.0044,0
25.796,right,0.9674,NaN,0.1807,0.3976,6.4466,0.0025,0
25.828,right,0.9674,NaN,0.1807,0.3881,0.5696,0.0025,0
25.861,right,0.9923,NaN,0.1763,0.5175,7.7695,0.0002,0
25.894,right,0.9949,NaN,0.1759,0.4118,6.3433,0.0,0
25.924,right,0.9983,NaN,0.1753,0.4173,0.3308,0.0,0
25.957,right,0.9983,NaN,0.1753,0.4011,0.9759,0.0,0
25.988,right,0.9956,142.39,0.1758,0.387,0.8468,0.0,0
26.021,right,0.9947,129.36,0.1759,0.3957,0.5231,0.0,0
26.053,right,0.9888,112.64,0.177,0.3694,1.5777,0.0,0
26.085,right,0.9888,112.64,0.177,0.3979,1.7119,0.0,0
26.116,right,0.9513,NaN,0.1835,0.203,11.6925,0.0,0
26.163,right,0.8636,NaN,0.1989,-0.0725,16.5297,0.0,0
26.196,right,0.624,NaN,0.2408,-0.898,49.5358,0.0,0
26.231,right,0.624,NaN,0.2408,0.2525,69.0332,0.0,0
26.262,left,-0.8074,NaN,0.2087,-1.0,75.1503,0.0,0
26.292,left,-0.9276,NaN,0.1877,-0.9455,3.2729,0.0,0
26.325,left,-0.9739,-97.86,0.1796,-0.6093,20.1676,0.0,0
26.357,left,-0.9739,-97.86,0.1796,-0.3873,13.3232,0.0,0
26.389,left,-0.9986,-140.27,0.1752,-0.5158,7.7109,0.0,0
26.421,left,-0.9991,NaN,0.1752,-0.4001,6.9431,0.0,0
26.452,left,-0.9991,NaN,0.1752,-0.3978,0.1335,0.0,0
26.484,left,-1.0,NaN,0.175,-0.4026,0.2853,0.0,0
26.516,left,-1.0,NaN,0.175,-0.3985,0.2437,0.0,0
26.564,left,-1.0,NaN,0.175,-0.3987,0.0096,0.0,0
26.597,left,-1.0,NaN,0.175,-0.3988,0.0091,0.0,0
26.628,left,-1.0,NaN,0.175,-0.399,0.0086,0.0,0
26.66,left,-1.0,NaN,0.175,-0.3992,0.012,0.0,0
26.693,left,-0.487,NaN,0.2648,1.0,83.9515,0.3968,0
26.727,off_line,0.0105,NaN,0.05,0.0,60.0,0.8835,1
26.757,off_line,0.0105,NaN,0.05,0.0,0.0,0.8835,1
26.789,off_line,0.0178,NaN,0.05,0.0,0.0,0.8202,1
26.821,off_line,0.0178,NaN,0.05,0.0,0.0,0.8202,1
26.853,off_line,0.0331,NaN,0.05,0.0,0.0,0.873,1
26.885,off_line,0.0283,NaN,0.05,0.0,0.0,0.8458,1
26.917,off_line,0.0283,NaN,0.05,0.0,0.0,0.8458,1
26.963,off_line,0.0307,NaN,0.05,0.0,0.0,0.8583,1
26.998,off_line,0.0325,NaN,0.05,0.0,0.0,0.8846,1
27.029,off_line,0.0325,NaN,0.05,0.0,0.0,0.8846,1
27.062,off_line,0.0519,NaN,0.05,0.0,0.0,0.8127,1
27.092,off_line,0.043,NaN,0.05,0.0,0.0,0.8377,1
27.127,off_line,0.043,NaN,0.05,0.0,0.0,0.8377,1
27.156,off_line,0.0457,NaN,0.05,0.0,0.0,0.8436,1
27.189,off_line,0.0511,NaN,0.05,0.0,0.0,0.8506,1
27.221,off_line,0.0511,NaN,0.05,0.0,0.0,0.8506,1
27.251,off_line,0.0551,NaN,0.05,0.0,0.0,0.849,1
27.316,off_line,0.0763,NaN,0.05,0.0,0.0,0.8261,1
27.364,off_line,0.0763,NaN,0.05,0.0,0.0,0.8261,1
27.396,off_line,0.0723,NaN,0.05,0.0,0.0,0.8348,1
27.428,off_line,0.0627,NaN,0.05,0.0,0.0,0.8512,1
27.461,off_line,0.0627,NaN,0.05,0.0,0.0,0.8512,1
27.493,off_line,0.0556,NaN,0.05,0.0,0.0,0.845,1
27.527,off_line,0.0523,NaN,0.05,0.0,0.0,0.8519,1
27.559,off_line,0.0453,NaN,0.05,0.0,0.0,0.8622,1
27.589,off_line,0.0453,NaN,0.05,0.0,0.0,0.8622,1
27.62,off_line,0.0506,NaN,0.05,0.0,0.0,0.8264,1
27.652,off_line,0.0545,NaN,0.05,0.0,0.0,0.8525,1
27.683,off_line,0.0499,NaN,0.05,0.0,0.0,0.8599,1
27.716,off_line,0.0499,NaN,0.05,0.0,0.0,0.8599,1
27.763,off_line,0.0639,NaN,0.05,0.0,0.0,0.8454,1
27.796,off_line,0.0523,NaN,0.05,0.0,0.0,0.8607,1
27.828,off_line,0.0523,NaN,0.05,0.0,0.0,0.8607,1
27.86,off_line,0.0516,NaN,0.05,0.0,0.0,0.8652,1
27.894,off_line,0.0582,NaN,0.05,0.0,0.0,0.8474,1
27.925,off_line,0.0453,NaN,0.05,0.0,0.0,0.8547,1
27.957,off_line,0.0453,NaN,0.05,0.0,0.0,0.8547,1
27.99,off_line,0.0563,NaN,0.05,0.0,0.0,0.85,1
28.022,off_line,0.0582,NaN,0.05,0.0,0.0,0.8557,1
28.054,off_line,0.0525,NaN,0.05,0.0,0.0,0.8568,1
28.085,off_line,0.0525,NaN,0.05,0.0,0.0,0.8568,1
28.117,off_line,0.0464,NaN,0.05,0.0,0.0,0.8782,1
28.163,off_line,0.0459,NaN,0.05,0.0,0.0,0.8738,1
28.197,off_line,0.0459,NaN,0.05,0.0,0.0,0.8738,1
28.229,off_line,0.0528,NaN,0.05,0.0,0.0,0.8509,1
28.26,off_line,0.0511,NaN,0.05,0.0,0.0,0.8465,1
28.294,off_line,0.0511,NaN,0.05,0.0,0.0,0.8465,1
28.325,off_line,0.0442,NaN,0.05,0.0,0.0,0.8211,1
28.356,off_line,0.0544,NaN,0.05,0.0,0.0,0.8151,1
28.39,off_line,0.0604,NaN,0.05,0.0,0.0,0.8371,1
28.422,off_line,0.0604,NaN,0.05,0.0,0.0,0.8371,1
28.453,off_line,0.0491,NaN,0.05,0.0,0.0,0.8464,1
28.484,off_line,0.0594,NaN,0.05,0.0,0.0,0.8294,1
28.516,off_line,0.054,NaN,0.05,0.0,0.0,0.8539,1
28.564,off_line,0.0496,NaN,0.05,0.0,0.0,0.8615,1
28.598,off_line,0.0413,NaN,0.05,0.0,0.0,0.8796,1
28.629,off_line,0.0413,NaN,0.05,0.0,0.0,0.8796,1
28.661,off_line,0.0501,NaN,0.05,0.0,0.0,0.8682,1
28.694,off_line,0.0469,NaN,0.05,0.0,0.0,0.8773,1
28.725,off_line,0.0469,NaN,0.05,0.0,0.0,0.8773,1
28.756,off_line,0.0471,NaN,0.05,0.0,0.0,0.8585,1
28.789,off_line,0.0492,NaN,0.05,0.0,0.0,0.8529,1
28.821,off_line,0.0492,NaN,0.05,0.0,0.0,0.8529,1
28.852,off_line,0.049,NaN,0.05,0.0,0.0,0.8438,1
28.884,off_line,0.0427,NaN,0.05,0.0,0.0,0.8392,1
28.916,off_line,0.0427,NaN,0.05,0.0,0.0,0.8392,1
28.963,off_line,0.0451,NaN,0.05,0.0,0.0,0.8586,1
29.027,off_line,0.0467,NaN,0.05,0.0,0.0,0.8447,1
29.061,off_line,0.0467,NaN,0.05,0.0,0.0,0.8447,1
29.093,off_line,0.0325,NaN,0.05,0.0,0.0,0.8877,1
29.125,off_line,0.0394,NaN,0.05,0.0,0.0,0.877,1
29.157,off_line,0.0394,NaN,0.05,0.0,0.0,0.877,1
29.189,off_line,0.0433,NaN,0.05,0.0,0.0,0.8835,1
29.221,off_line,0.0478,NaN,0.05,0.0,0.0,0.8834,1
29.252,off_line,0.0478,NaN,0.05,0.0,0.0,0.8834,1
29.284,off_line,0.0407,NaN,0.05,0.0,0.0,0.8776,1
29.316,off_line,0.0418,NaN,0.05,0.0,0.0,0.8804,1
29.363,off_line,0.0418,NaN,0.05,0.0,0.0,0.8804,1
29.396,off_line,0.0527,NaN,0.05,0.0,0.0,0.8423,1
29.428,off_line,0.0532,NaN,0.05,0.0,0.0,0.8411,1
29.46,off_line,0.0532,NaN,0.05,0.0,0.0,0.8411,1
29.494,off_line,0.0482,NaN,0.05,0.0,0.0,0.8486,1
29.525,off_line,0.0399,NaN,0.05,0.0,0.0,0.8738,1
29.557,off_line,0.0399,NaN,0.05,0.0,0.0,0.8738,1
29.59,off_line,0.0538,NaN,0.05,0.0,0.0,0.8633,1
29.62,off_line,0.0493,NaN,0.05,0.0,0.0,0.8731,1
29.653,off_line,0.0493,NaN,0.05,0.0,0.0,0.8731,1
29.685,off_line,0.0505,NaN,0.05,0.0,0.0,0.88,1
29.716,off_line,0.0518,NaN,0.05,0.0,0.0,0.8874,1
29.764,off_line,0.0518,NaN,0.05,0.0,0.0,0.8874,1
29.797,off_line,0.043,NaN,0.05,0.0,0.0,0.876,1
29.828,off_line,0.0528,NaN,0.05,0.0,0.0,0.8578,1
29.86,off_line,0.0528,NaN,0.05,0.0,0.0,0.8578,1
29.893,off_line,0.0483,NaN,0.05,0.0,0.0,0.8579,1
29.925,off_line,0.0566,NaN,0.05,0.0,0.0,0.8461,1
29.957,off_line,0.0522,NaN,0.05,0.0,0.0,0.8487,1
29.989,off_line,0.0569,NaN,0.05,0.0,0.0,0.844,1
30.02,off_line,0.0569,NaN,0.05,0.0,0.0,0.844,1
30.053,off_line,0.0542,NaN,0.05,0.0,0.0,0.8639,1
30.085,off_line,0.0529,NaN,0.05,0.0,0.0,0.8523,1
30.116,off_line,0.0529,NaN,0.05,0.0,0.0,0.8523,1
30.163,off_line,0.0609,NaN,0.05,0.0,0.0,0.8737,1
30.196,off_line,0.0609,NaN,0.05,0.0,0.0,0.8737,1
30.228,off_line,0.0459,NaN,0.05,0.0,0.0,0.8859,1
30.26,off_line,0.0554,NaN,0.05,0.0,0.0,0.8681,1
30.294,off_line,0.0522,NaN,0.05,0.0,0.0,0.876,1
30.326,off_line,0.0522,NaN,0.05,0.0,0.0,0.876,1
30.356,off_line,0.0513,NaN,0.05,0.0,0.0,0.8671,1
30.388,off_line,0.0532,NaN,0.05,0.0,0.0,0.864,1
30.421,off_line,0.056,NaN,0.05,0.0,0.0,0.8619,1
30.454,off_line,0.056,NaN,0.05,0.0,0.0,0.8619,1
30.486,off_line,0.0667,NaN,0.05,0.0,0.0,0.844,1
30.517,off_line,0.0606,NaN,0.05,0.0,0.0,0.8468,1
30.564,off_line,0.0637,NaN,0.05,0.0,0.0,0.8634,1
30.596,off_line,0.0637,NaN,0.05,0.0,0.0,0.8634,1
30.63,off_line,0.0623,NaN,0.05,0.0,0.0,0.861,1
30.692,off_line,0.0487,NaN,0.05,0.0,0.0,0.8719,1
30.725,off_line,0.0487,NaN,0.05,0.0,0.0,0.8719,1
30.758,off_line,0.061,NaN,0.05,0.0,0.0,0.8688,1
30.788,off_line,0.0593,NaN,0.05,0.0,0.0,0.8703,1
30.819,off_line,0.0534,NaN,0.05,0.0,0.0,0.8802,1
30.852,off_line,0.0534,NaN,0.05,0.0,0.0,0.8802,1
30.884,off_line,0.0458,NaN,0.05,0.0,0.0,0.8835,1
30.916,off_line,0.0561,NaN,0.05,0.0,0.0,0.8535,1
30.964,off_line,0.0561,NaN,0.05,0.0,0.0,0.8535,1
30.997,off_line,0.0747,NaN,0.05,0.0,0.0,0.8119,1
31.028,off_line,0.0562,NaN,0.05,0.0,0.0,0.8516,1
31.06,off_line,0.0562,NaN,0.05,0.0,0.0,0.8516,1
31.093,off_line,0.0619,NaN,0.05,0.0,0.0,0.8562,1
31.126,off_line,0.0653,NaN,0.05,0.0,0.0,0.8571,1
31.158,off_line,0.0653,NaN,0.05,0.0,0.0,0.8571,1
31.189,off_line,0.0602,NaN,0.05,0.0,0.0,0.8715,1
31.22,off_line,0.0498,NaN,0.05,0.0,0.0,0.8879,1
31.254,off_line,0.0551,NaN,0.05,0.0,0.0,0.8788,1
31.286,off_line,0.0551,NaN,0.05,0.0,0.0,0.8788,1
31.315,off_line,0.0488,NaN,0.05,0.0,0.0,0.886,1
31.363,off_line,0.0586,NaN,0.05,0.0,0.0,0.8663,1
31.396,off_line,0.0586,NaN,0.05,0.0,0.0,0.8663,1
31.429,off_line,0.0478,NaN,0.05,0.0,0.0,0.8662,1
31.461,off_line,0.0569,NaN,0.05,0.0,0.0,0.8563,1
31.493,off_line,0.0569,NaN,0.05,0.0,0.0,0.8563,1
31.527,off_line,0.07,NaN,0.05,0.0,0.0,0.8538,1
31.558,off_line,0.0787,NaN,0.05,0.0,0.0,0.8238,1
31.591,off_line,0.0787,NaN,0.05,0.0,0.0,0.8238,1
31.621,off_line,0.0844,NaN,0.05,0.0,0.0,0.8347,1
31.653,off_line,0.0675,NaN,0.05,0.0,0.0,0.8501,1
31.684,off_line,0.0675,NaN,0.05,0.0,0.0,0.8501,1
31.716,off_line,0.0647,NaN,0.05,0.0,0.0,0.8688,1
31.763,off_line,0.0556,NaN,0.05,0.0,0.0,0.8693,1
31.798,off_line,0.0556,NaN,0.05,0.0,0.0,0.8693,1
31.829,off_line,0.0602,NaN,0.05,0.0,0.0,0.8657,1
31.861,off_line,0.053,NaN,0.05,0.0,0.0,0.8824,1
31.894,off_line,0.0583,NaN,0.05,0.0,0.0,0.8624,1
31.924,off_line,0.061,NaN,0.05,0.0,0.0,0.8507,1
31.958,off_line,0.061,NaN,0.05,0.0,0.0,0.8507,1
31.988,off_line,0.0728,NaN,0.05,0.0,0.0,0.8293,1
32.021,off_line,0.077,NaN,0.05,0.0,0.0,0.827,1
32.052,off_line,0.0815,NaN,0.05,0.0,0.0,0.8337,1
32.084,off_line,0.0815,NaN,0.05,0.0,0.0,0.8337,1
32.116,off_line,0.0765,NaN,0.05,0.0,0.0,0.8472,1
32.164,off_line,0.0755,NaN,0.05,0.0,0.0,0.8363,1
32.196,off_line,0.0755,NaN,0.05,0.0,0.0,0.8363,1
32.229,off_line,0.0739,NaN,0.05,0.0,0.0,0.8634,1
32.261,off_line,0.0578,NaN,0.05,0.0,0.0,0.8721,1
32.293,off_line,0.0512,NaN,0.05,0.0,0.0,0.8883,1
32.326,off_line,0.0512,NaN,0.05,0.0,0.0,0.8883,1
32.357,off_line,0.0734,NaN,0.05,0.0,0.0,0.8603,1
32.419,off_line,0.058,NaN,0.05,0.0,0.0,0.881,1
32.452,off_line,0.058,NaN,0.05,0.0,0.0,0.881,1
32.484,off_line,0.0813,NaN,0.05,0.0,0.0,0.8309,1
32.518,off_line,0.0646,NaN,0.05,0.0,0.0,0.854,1
32.564,off_line,0.0646,NaN,0.05,0.0,0.0,0.854,1
32.596,off_line,0.0861,NaN,0.05,0.0,0.0,0.8105,1
32.628,off_line,0.0659,NaN,0.05,0.0,0.0,0.8563,1
32.661,off_line,0.0659,NaN,0.05,0.0,0.0,0.8563,1
32.692,off_line,0.0756,NaN,0.05,0.0,0.0,0.8406,1
32.724,off_line,0.0719,NaN,0.05,0.0,0.0,0.8397,1
32.757,off_line,0.0719,NaN,0.05,0.0,0.0,0.8397,1
32.789,off_line,0.0574,NaN,0.05,0.0,0.0,0.8702,1
32.82,off_line,0.0603,NaN,0.05,0.0,0.0,0.8796,1
32.852,off_line,0.0545,NaN,0.05,0.0,0.0,0.8838,1
32.886,off_line,0.0545,NaN,0.05,0.0,0.0,0.8838,1
32.918,off_line,0.0657,NaN,0.05,0.0,0.0,0.8647,1
32.963,off_line,0.0866,NaN,0.05,0.0,0.0,0.8399,1
32.997,off_line,0.0866,NaN,0.05,0.0,0.0,0.8399,1
33.03,off_line,0.0614,NaN,0.05,0.0,0.0,0.8671,1
33.061,off_line,0.0747,NaN,0.05,0.0,0.0,0.8471,1
33.093,off_line,0.0747,NaN,0.05,0.0,0.0,0.8471,1
33.125,off_line,0.1062,NaN,0.05,0.0,0.0,0.806,1
33.158,off_line,0.126,NaN,0.05,0.0,0.0,0.7736,1
33.188,off_line,0.126,NaN,0.05,0.0,0.0,0.7736,1
33.22,off_line,0.0889,NaN,0.05,0.0,0.0,0.815,1
33.253,off_line,0.0785,NaN,0.05,0.0,0.0,0.8491,1
33.285,off_line,0.0785,NaN,0.05,0.0,0.0,0.8491,1
33.316,off_line,0.0677,NaN,0.05,0.0,0.0,0.8582,1
33.363,off_line,0.0634,NaN,0.05,0.0,0.0,0.8724,1
33.396,off_line,0.0634,NaN,0.05,0.0,0.0,0.8724,1
33.43,off_line,0.087,NaN,0.05,0.0,0.0,0.8448,1
33.462,off_line,0.0801,NaN,0.05,0.0,0.0,0.8665,1
33.492,off_line,0.0801,NaN,0.05,0.0,0.0,0.8665,1
33.524,off_line,0.0873,NaN,0.05,0.0,0.0,0.8456,1
33.557,off_line,0.1074,NaN,0.05,0.0,0.0,0.8197,1
33.592,off_line,0.1096,NaN,0.05,0.0,0.0,0.795,1
33.62,off_line,0.1096,NaN,0.05,0.0,0.0,0.795,1
33.653,off_line,0.0847,NaN,0.05,0.0,0.0,0.841,1
33.684,off_line,0.0847,NaN,0.05,0.0,0.0,0.841,1
33.716,off_line,0.0862,NaN,0.05,0.0,0.0,0.8205,1
33.764,off_line,0.0911,NaN,0.05,0.0,0.0,0.8272,1
33.797,off_line,0.0717,NaN,0.05,0.0,0.0,0.8306,1
33.828,off_line,0.0717,NaN,0.05,0.0,0.0,0.8306,1
33.86,off_line,0.0681,NaN,0.05,0.0,0.0,0.8598,1
33.893,off_line,0.073,NaN,0.05,0.0,0.0,0.853,1
33.926,off_line,0.073,NaN,0.05,0.0,0.0,0.853,1
33.957,off_line,0.0712,NaN,0.05,0.0,0.0,0.8756,1
33.989,off_line,0.0844,NaN,0.05,0.0,0.0,0.8473,1
34.021,off_line,0.0844,NaN,0.05,0.0,0.0,0.8473,1
34.052,off_line,0.0768,NaN,0.05,0.0,0.0,0.8524,1
34.116,off_line,0.0892,NaN,0.05,0.0,0.0,0.833,1
34.164,off_line,0.0892,NaN,0.05,0.0,0.0,0.833,1
34.197,off_line,0.0835,NaN,0.05,0.0,0.0,0.8437,1
34.228,off_line,0.0814,NaN,0.05,0.0,0.0,0.8258,1
34.262,off_line,0.0814,NaN,0.05,0.0,0.0,0.8258,1
34.293,off_line,0.0921,NaN,0.05,0.0,0.0,0.8323,1
34.325,off_line,0.0899,NaN,0.05,0.0,0.0,0.8365,1
34.357,off_line,0.0899,NaN,0.05,0.0,0.0,0.8365,1
34.388,off_line,0.0902,NaN,0.05,0.0,0.0,0.8237,1
34.421,off_line,0.0951,NaN,0.05,0.0,0.0,0.8302,1
34.452,off_line,0.0951,NaN,0.05,0.0,0.0,0.8302,1
34.485,off_line,0.0863,NaN,0.05,0.0,0.0,0.8522,1
34.517,off_line,0.0693,NaN,0.05,0.0,0.0,0.8664,1
34.564,off_line,0.0693,NaN,0.05,0.0,0.0,0.8664,1
34.596,off_line,0.0698,NaN,0.05,0.0,0.0,0.8771,1
34.628,off_line,0.0706,NaN,0.05,0.0,0.0,0.8793,1
34.661,off_line,0.0706,NaN,0.05,0.0,0.0,0.8793,1
34.692,off_line,0.0892,NaN,0.05,0.0,0.0,0.8434,1
34.726,off_line,0.0877,NaN,0.05,0.0,0.0,0.8318,1
34.757,off_line,0.0877,NaN,0.05,0.0,0.0,0.8318,1
34.789,off_line,0.0945,NaN,0.05,0.0,0.0,0.8012,1
34.82,off_line,0.0953,NaN,0.05,0.0,0.0,0.8107,1
34.852,off_line,0.0953,NaN,0.05,0.0,0.0,0.8107,1
34.885,off_line,0.1053,NaN,0.05,0.0,0.0,0.7923,1
34.916,off_line,0.0748,NaN,0.05,0.0,0.0,0.8382,1
34.963,off_line,0.0748,NaN,0.05,0.0,0.0,0.8382,1
34.997,off_line,0.0593,NaN,0.05,0.0,0.0,0.8766,1
35.028,off_line,0.0693,NaN,0.05,0.0,0.0,0.8764,1
35.06,off_line,0.0693,NaN,0.05,0.0,0.0,0.8764,1
35.093,off_line,0.0637,NaN,0.05,0.0,0.0,0.8792,1
35.126,off_line,0.0642,NaN,0.05,0.0,0.0,0.8733,1
35.157,off_line,0.0642,NaN,0.05,0.0,0.0,0.8733,1
35.19,off_line,0.0727,NaN,0.05,0.0,0.0,0.849,1
35.22,off_line,0.0759,NaN,0.05,0.0,0.0,0.8465,1
35.252,off_line,0.0759,NaN,0.05,0.0,0.0,0.8465,1
35.283,off_line,0.076,NaN,0.05,0.0,0.0,0.8414,1
35.315,off_line,0.076,NaN,0.05,0.0,0.0,0.8414,1
35.364,off_line,0.1091,NaN,0.05,0.0,0.0,0.7842,1
35.397,off_line,0.0867,NaN,0.05,0.0,0.0,0.8228,1
35.428,off_line,0.0867,NaN,0.05,0.0,0.0,0.8228,1
35.462,off_line,0.08,NaN,0.05,0.0,0.0,0.8426,1
35.494,off_line,0.0673,NaN,0.05,0.0,0.0,0.8664,1
35.526,off_line,0.0673,NaN,0.05,0.0,0.0,0.8664,1
35.556,off_line,0.079,NaN,0.05,0.0,0.0,0.8552,1
35.589,off_line,0.0693,NaN,0.05,0.0,0.0,0.866,1
35.62,off_line,0.0693,NaN,0.05,0.0,0.0,0.866,1
35.653,off_line,0.0807,NaN,0.05,0.0,0.0,0.8421,1
35.684,off_line,0.0821,NaN,0.05,0.0,0.0,0.8273,1
35.715,off_line,0.0821,NaN,0.05,0.0,0.0,0.8273,1
35.764,off_line,0.082,NaN,0.05,0.0,0.0,0.8011,1
35.828,off_line,0.0943,NaN,0.05,0.0,0.0,0.8069,1
35.861,off_line,0.0943,NaN,0.05,0.0,0.0,0.8069,1
35.893,off_line,0.0979,NaN,0.05,0.0,0.0,0.806,1
35.925,off_line,0.108,NaN,0.05,0.0,0.0,0.7994,1
35.958,off_line,0.096,NaN,0.05,0.0,0.0,0.8108,1
35.989,off_line,0.096,NaN,0.05,0.0,0.0,0.8108,1
36.022,off_line,0.087,NaN,0.05,0.0,0.0,0.8282,1
36.053,off_line,0.0776,NaN,0.05,0.0,0.0,0.8561,1
36.085,off_line,0.0662,NaN,0.05,0.0,0.0,0.8716,1
36.116,off_line,0.0662,NaN,0.05,0.0,0.0,0.8716,1
36.163,off_line,0.0621,NaN,0.05,0.0,0.0,0.8854,1
36.196,off_line,0.0731,NaN,0.05,0.0,0.0,0.8619,1
36.23,off_line,0.0731,NaN,0.05,0.0,0.0,0.8619,1
36.261,off_line,0.0685,NaN,0.05,0.0,0.0,0.862,1
36.293,off_line,0.0499,NaN,0.05,0.0,0.0,0.8078,1
36.323,off_line,0.0499,NaN,0.05,0.0,0.0,0.8078,1
36.356,off_line,-0.1838,NaN,0.3178,-0.9557,57.3391,0.5397,0
36.389,right,0.2369,NaN,0.3085,1.0,117.3391,0.2208,0
36.421,right,0.2369,NaN,0.3085,0.0948,54.3121,0.2208,0
36.454,right,0.2638,NaN,0.3038,0.2348,8.4019,0.0566,0
36.486,right,0.2324,NaN,0.3093,-0.0574,17.5338,0.0275,0
36.516,right,0.2066,NaN,0.3139,-0.0414,0.9585,0.02,0
36.564,right,0.2066,NaN,0.3139,0.0828,7.4549,0.02,0
36.596,left,-0.0994,NaN,0.3326,-1.0,64.9695,0.0031,0
36.628,left,-0.4226,NaN,0.2761,-1.0,0.0,0.0015,0
36.661,left,-0.4226,NaN,0.2761,-0.169,49.8609,0.0015,0
36.694,right,0.0136,-144.94,0.3476,1.0,70.1391,0.0002,0
36.727,right,0.2306,-122.67,0.3097,1.0,0.0,0.0001,0
36.758,right,0.2325,-73.39,0.3093,0.1026,53.841,0.0001,0
36.789,right,0.2325,-73.39,0.3093,0.0932,0.5684,0.0001,0
36.82,left,-0.13,NaN,0.3272,-1.0,65.5906,0.0001,0
36.853,left,-0.019,NaN,0.3467,0.5256,91.5367,0.0,0
36.885,left,-0.019,NaN,0.3467,-0.0074,31.9836,0.0,0
36.917,right,0.1447,NaN,0.3247,0.8437,51.0673,0.0001,0
36.964,right,0.1095,NaN,0.3308,-0.1249,58.1116,0.0001,0
36.996,right,0.0296,123.85,0.3448,-0.3716,14.8067,0.0003,0
37.028,right,0.2277,NaN,0.3102,1.0,82.2979,0.0003,0
37.06,right,0.5487,NaN,0.254,1.0,0.0,0.0003,0
37.093,right,0.5487,NaN,0.254,0.2199,46.8083,0.0003,0
37.127,right,0.6223,NaN,0.2411,0.6031,22.9925,0.0002,0
37.157,right,0.824,NaN,0.2058,1.0,23.8158,0.0008,0
37.188,right,0.824,NaN,0.2058,0.3304,40.1783,0.0008,0
37.221,right,0.7459,NaN,0.2195,-0.0757,24.3608,0.0293,0
37.252,right,0.5516,NaN,0.2535,-0.711,38.1181,0.3961,0
37.287,right,0.5516,NaN,0.2535,0.2217,55.9601,0.3961,0
37.316,off_line,0.0948,NaN,0.05,0.0,13.3029,0.8179,1
37.364,off_line,0.0664,NaN,0.05,0.0,0.0,0.7937,1
37.396,off_line,0.0664,NaN,0.05,0.0,0.0,0.7937,1
37.429,off_line,0.0586,NaN,0.05,0.0,0.0,0.8484,1
37.46,off_line,0.0713,NaN,0.05,0.0,0.0,0.8006,1
37.523,off_line,0.0713,NaN,0.05,0.0,0.0,0.8006,1
37.556,off_line,0.0459,NaN,0.05,0.0,0.0,0.8258,1
37.589,off_line,0.033,NaN,0.05,0.0,0.0,0.8938,1
37.621,off_line,0.0491,NaN,0.05,0.0,0.0,0.8484,1
37.652,off_line,0.0491,NaN,0.05,0.0,0.0,0.8484,1
37.685,off_line,0.055,NaN,0.05,0.0,0.0,0.7779,1
37.716,off_line,0.041,NaN,0.05,0.0,0.0,0.8092,1
37.764,off_line,0.041,NaN,0.05,0.0,0.0,0.8092,1
37.799,off_line,0.0212,NaN,0.05,0.0,0.0,0.8904,1
37.827,off_line,0.0218,NaN,0.05,0.0,0.0,0.8919,1
37.861,off_line,0.0218,NaN,0.05,0.0,0.0,0.8919,1
37.892,off_line,0.0275,NaN,0.05,0.0,0.0,0.8816,1
37.927,off_line,0.0288,NaN,0.05,0.0,0.0,0.8559,1
37.96,off_line,0.0281,NaN,0.05,0.0,0.0,0.8583,1
37.989,off_line,0.0281,NaN,0.05,0.0,0.0,0.8583,1
38.02,off_line,0.0226,NaN,0.05,0.0,0.0,0.8732,1
38.053,off_line,0.0264,NaN,0.05,0.0,0.0,0.8201,1
38.086,off_line,0.0264,NaN,0.05,0.0,0.0,0.8201,1
38.116,off_line,0.0214,NaN,0.05,0.0,0.0,0.8339,1
38.164,off_line,0.0239,NaN,0.05,0.0,0.0,0.8334,1
38.197,off_line,0.0239,NaN,0.05,0.0,0.0,0.8334,1
38.229,off_line,0.0221,NaN,0.05,0.0,0.0,0.8573,1
38.26,off_line,0.0233,NaN,0.05,0.0,0.0,0.8316,1
38.294,off_line,0.0233,NaN,0.05,0.0,0.0,0.8316,1
38.325,off_line,0.013,NaN,0.05,0.0,0.0,0.8727,1
38.358,off_line,0.0131,NaN,0.05,0.0,0.0,0.8861,1
38.389,off_line,0.0131,NaN,0.05,0.0,0.0,0.8861,1
38.42,off_line,0.0099,NaN,0.05,0.0,0.0,0.8905,1
38.453,off_line,0.0131,NaN,0.05,0.0,0.0,0.9046,1
38.485,off_line,0.0131,NaN,0.05,0.0,0.0,0.9046,1
38.516,off_line,0.0114,NaN,0.05,0.0,0.0,0.8865,1
38.563,off_line,0.0103,NaN,0.05,0.0,0.0,0.8966,1
38.597,off_line,0.0127,NaN,0.05,0.0,0.0,0.8673,1
38.629,off_line,0.0127,NaN,0.05,0.0,0.0,0.8673,1
38.662,off_line,0.0132,NaN,0.05,0.0,0.0,0.8576,1
38.693,off_line,0.0132,NaN,0.05,0.0,0.0,0.8576,1
38.726,off_line,0.019,NaN,0.05,0.0,0.0,0.8039,1
38.757,off_line,0.0141,NaN,0.05,0.0,0.0,0.8337,1
38.789,off_line,0.0137,NaN,0.05,0.0,0.0,0.8464,1
38.82,off_line,0.0145,NaN,0.05,0.0,0.0,0.8327,1
38.854,off_line,0.0129,NaN,0.05,0.0,0.0,0.8127,1
38.885,off_line,0.0129,NaN,0.05,0.0,0.0,0.8127,1
38.916,off_line,0.0176,NaN,0.05,0.0,0.0,0.8086,1
38.963,off_line,0.0176,NaN,0.05,0.0,0.0,0.8388,1
38.996,off_line,0.0176,NaN,0.05,0.0,0.0,0.8388,1
39.028,off_line,0.0222,NaN,0.05,0.0,0.0,0.8679,1
39.06,off_line,0.022,NaN,0.05,0.0,0.0,0.8656,1
39.094,off_line,0.022,NaN,0.05,0.0,0.0,0.8656,1
39.125,off_line,0.0321,NaN,0.05,0.0,0.0,0.8661,1
39.157,off_line,0.0339,NaN,0.05,0.0,0.0,0.8599,1
39.219,off_line,0.0339,NaN,0.05,0.0,0.0,0.8599,1
39.252,off_line,0.0312,NaN,0.05,0.0,0.0,0.8706,1
39.285,off_line,0.0306,NaN,0.05,0.0,0.0,0.8789,1
39.316,off_line,0.0362,NaN,0.05,0.0,0.0,0.8773,1
39.363,off_line,0.0362,NaN,0.05,0.0,0.0,0.8773,1
39.398,off_line,0.0445,NaN,0.05,0.0,0.0,0.8605,1
39.427,off_line,0.0434,NaN,0.05,0.0,0.0,0.8518,1
39.461,off_line,0.0434,NaN,0.05,0.0,0.0,0.8518,1
39.493,off_line,0.0374,NaN,0.05,0.0,0.0,0.8634,1
39.526,off_line,0.0368,NaN,0.05,0.0,0.0,0.8755,1
39.556,off_line,0.0368,NaN,0.05,0.0,0.0,0.8755,1
39.589,off_line,0.028,NaN,0.05,0.0,0.0,0.8942,1
39.621,off_line,0.0254,NaN,0.05,0.0,0.0,0.8963,1
39.652,off_line,0.0254,NaN,0.05,0.0,0.0,0.8963,1
39.685,off_line,0.0244,NaN,0.05,0.0,0.0,0.8853,1
39.716,off_line,0.0179,NaN,0.05,0.0,0.0,0.9119,1
39.764,off_line,0.0222,NaN,0.05,0.0,0.0,0.8763,1
39.798,off_line,0.0222,NaN,0.05,0.0,0.0,0.8763,1
39.829,off_line,0.0196,NaN,0.05,0.0,0.0,0.9142,1
39.86,off_line,0.0295,NaN,0.05,0.0,0.0,0.8817,1
39.894,off_line,0.0372,NaN,0.05,0.0,0.0,0.8499,1
39.926,off_line,0.0372,NaN,0.05,0.0,0.0,0.8499,1
39.957,off_line,0.0325,NaN,0.05,0.0,0.0,0.7932,1
39.989,off_line,0.0401,NaN,0.05,0.0,0.0,0.7909,1
40.02,off_line,0.0401,NaN,0.05,0.0,0.0,0.7909,1
40.053,off_line,0.0318,NaN,0.05,0.0,0.0,0.8088,1
40.085,off_line,0.0266,NaN,0.05,0.0,0.0,0.8213,1
40.116,off_line,0.0266,NaN,0.05,0.0,0.0,0.8213,1
40.163,off_line,0.0256,NaN,0.05,0.0,0.0,0.8398,1
40.196,off_line,0.0181,NaN,0.05,0.0,0.0,0.8553,1
40.23,off_line,0.0181,NaN,0.05,0.0,0.0,0.8553,1
40.261,off_line,0.0215,NaN,0.05,0.0,0.0,0.8699,1
40.293,off_line,0.0299,NaN,0.05,0.0,0.0,0.8564,1
40.327,off_line,0.0299,NaN,0.05,0.0,0.0,0.8564,1
40.358,off_line,0.042,NaN,0.05,0.0,0.0,0.8421,1
40.392,off_line,0.0401,NaN,0.05,0.0,0.0,0.877,1
40.42,off_line,0.0401,NaN,0.05,0.0,0.0,0.877,1
40.452,off_line,0.0594,NaN,0.05,0.0,0.0,0.8083,1
40.485,off_line,0.0594,NaN,0.05,0.0,0.0,0.8083,1
40.516,off_line,0.0818,NaN,0.05,0.0,0.0,0.7894,1
40.564,off_line,0.2464,NaN,0.05,0.0,0.0,0.6355,1
40.596,off_line,0.2464,NaN,0.05,0.0,0.0,0.6355,1
40.63,right,0.5607,NaN,0.2519,1.0,60.0,0.3646,0
40.661,right,0.6969,NaN,0.228,0.9328,4.0347,0.2524,0
40.693,right,0.6969,NaN,0.228,0.2791,39.2192,0.2524,0
40.726,right,0.9711,NaN,0.1801,1.0,43.2539,0.0204,0
40.757,right,0.9815,NaN,0.1782,0.443,33.4203,0.0082,0
40.79,right,0.9815,NaN,0.1782,0.3934,2.9753,0.0082,0
40.82,right,0.9752,NaN,0.1793,0.3609,1.9517,0.0058,0
40.853,right,0.9831,NaN,0.178,0.4321,4.2732,0.0026,0
40.916,right,0.9831,NaN,0.178,0.3945,2.2542,0.0026,0
40.964,right,0.9846,NaN,0.1777,0.4026,0.4866,0.0007,0
40.997,right,0.981,NaN,0.1783,0.377,1.5397,0.0004,0
41.028,right,0.9772,NaN,0.179,0.3741,0.1707,0.0002,0
41.061,right,0.9772,NaN,0.179,0.3928,1.1216,0.0002,0
41.094,right,0.9721,131.55,0.1799,0.3665,1.5775,0.0,0
41.127,right,0.9574,118.42,0.1825,0.3147,3.1087,0.0,0
41.158,right,0.9392,100.38,0.1856,0.2911,1.4195,0.0,0
41.189,right,0.9392,100.38,0.1856,0.3783,5.2338,0.0,0
41.221,right,0.7611,NaN,0.2168,-0.5478,55.5684,0.0,0
41.253,right,0.6736,NaN,0.2321,-0.1477,24.0069,0.0,0
41.284,right,0.6736,NaN,0.2321,0.2724,25.2075,0.0,0
41.316,left,-0.3425,-121.92,0.2901,-1.0,76.3435,0.0,0
41.363,left,-0.5359,-137.91,0.2562,-1.0,0.0,0.0,0
41.398,left,-0.5359,-137.91,0.2562,-0.2116,47.3011,0.0,0
41.429,left,-0.6631,NaN,0.234,-0.8732,39.6917,0.0,0
41.461,left,-0.7415,NaN,0.2202,-0.6706,12.1545,0.0,0
41.491,left,-0.7415,NaN,0.2202,-0.2943,22.5807,0.0,0
41.526,left,-0.9878,NaN,0.1771,-1.0,42.3446,0.0,0
41.558,left,-0.9985,NaN,0.1753,-0.449,33.0576,0.0,0
41.589,left,-0.9993,NaN,0.1751,-0.4013,2.8656,0.0,0
41.621,left,-0.9993,NaN,0.1751,-0.398,0.1959,0.0,0
41.652,left,-0.9909,NaN,0.1766,-0.3547,2.5991,0.0,0
41.684,left,-0.9707,NaN,0.1801,-0.2899,3.8885,0.0,0
41.718,left,-0.9707,NaN,0.1801,-0.3871,5.8312,0.0,0
41.764,left,-0.8877,NaN,0.1947,0.0443,25.8852,0.0,0
41.796,left,-0.8877,NaN,0.1947,-0.354,23.9022,0.0,0
41.83,left,-0.8877,NaN,0.1947,-0.3543,0.0171,0.0,0
41.861,left,-0.8906,NaN,0.1941,-0.3696,0.9181,0.0,0
41.894,left,-0.8898,NaN,0.1943,-0.3519,1.0624,0.0,0
41.926,left,-0.8898,NaN,0.1943,-0.3556,0.2231,0.0,0
41.957,left,-0.8905,NaN,0.1942,-0.3591,0.2068,0.0,0
41.989,left,-0.8912,NaN,0.194,-0.3601,0.0595,0.0,0
42.022,left,-0.8916,NaN,0.194,-0.3588,0.0749,0.0,0
42.051,left,-0.8916,NaN,0.194,-0.3569,0.1124,0.0,0
42.084,left,-0.8857,NaN,0.195,-0.3263,1.8387,0.0,0
42.116,left,-0.8857,NaN,0.195,-0.3549,1.7143,0.0,0
42.164,left,-0.8816,NaN,0.1957,-0.3337,1.268,0.0,0
42.198,left,-0.8816,NaN,0.1957,-0.3535,1.1851,0.0,0
42.227,left,-0.8816,NaN,0.1957,-0.3537,0.011,0.0,0
42.26,left,-0.8837,NaN,0.1954,-0.3647,0.6614,0.0,0
42.293,left,-0.8796,NaN,0.1961,-0.3336,1.8659,0.0,0
42.325,left,-0.8796,NaN,0.1961,-0.3533,1.1833,0.0,0
42.358,left,-0.8757,NaN,0.1968,-0.3331,1.2156,0.0,0
42.391,left,-0.8764,NaN,0.1966,-0.3555,1.3495,0.0,0
42.422,left,-0.8799,NaN,0.196,-0.3706,0.9014,0.0,0
42.452,left,-0.877,NaN,0.1965,-0.3391,1.8868,0.0,0
42.484,left,-0.877,NaN,0.1965,-0.353,0.8324,0.0,0
42.531,left,-0.8781,NaN,0.1963,-0.3591,0.3635,0.0,0
42.595,left,-0.8795,NaN,0.1961,-0.361,0.1161,0.0,0
42.629,left,-0.8795,NaN,0.1961,-0.3544,0.3926,0.0,0
42.661,left,-0.8783,NaN,0.1963,-0.3481,0.3826,0.0,0
42.692,left,-0.8785,NaN,0.1963,-0.3555,0.4439,0.0,0
42.724,left,-0.8785,NaN,0.1963,-0.3545,0.0594,0.0,0
42.758,left,-0.8787,NaN,0.1962,-0.3554,0.0548,0.0,0
42.788,left,-0.8795,NaN,0.1961,-0.3592,0.2306,0.0,0
42.821,left,-0.8795,NaN,0.1961,-0.3553,0.2351,0.0,0
42.853,left,-0.878,NaN,0.1963,-0.3477,0.4546,0.0,0
42.884,left,-0.8774,NaN,0.1965,-0.3519,0.2506,0.0,0
42.916,left,-0.8774,NaN,0.1965,-0.3549,0.1804,0.0,0
42.948,left,-0.8804,NaN,0.1959,-0.3708,0.9501,0.0,0
42.996,left,-0.8794,NaN,0.1961,-0.3512,1.1739,0.0,0
43.03,left,-0.8794,NaN,0.1961,-0.3562,0.2985,0.0,0
43.061,left,-0.8791,NaN,0.1962,-0.3545,0.1019,0.0,0
43.093,left,-0.8778,NaN,0.1964,-0.3495,0.2977,0.0,0
43.124,left,-0.8778,NaN,0.1964,-0.3559,0.386,0.0,0
43.157,left,-0.8817,NaN,0.1957,-0.3764,1.2293,0.0,0
43.19,left,-0.8793,NaN,0.1961,-0.3454,1.8598,0.0,0
43.221,left,-0.8793,NaN,0.1961,-0.357,0.6938,0.0,0
43.253,left,-0.8827,NaN,0.1955,-0.3747,1.0604,0.0,0
43.286,left,-0.8797,NaN,0.1961,-0.3432,1.8886,0.0,0
43.317,left,-0.8797,NaN,0.1961,-0.3576,0.8643,0.0,0
43.363,left,-0.8793,NaN,0.1961,-0.3557,0.1125,0.0,0
43.396,left,-0.8773,NaN,0.1965,-0.3473,0.502,0.0,0
43.429,left,-0.8773,NaN,0.1965,-0.3571,0.5836,0.0,0
43.462,left,-0.8786,NaN,0.1962,-0.364,0.4144,0.0,0
43.493,left,-0.8795,NaN,0.1961,-0.3623,0.1026,0.0,0
43.527,left,-0.8795,NaN,0.1961,-0.3584,0.234,0.0,0
43.559,left,-0.8782,NaN,0.1963,-0.3522,0.3727,0.0,0
43.592,left,-0.8787,NaN,0.1962,-0.3607,0.5104,0.0,0
43.622,left,-0.8787,NaN,0.1962,-0.3585,0.1291,0.0,0
43.653,left,-0.8814,NaN,0.1957,-0.3728,0.8589,0.0,0
43.685,left,-0.8805,NaN,0.1959,-0.3549,1.075,0.0,0
43.715,left,-0.8798,NaN,0.196,-0.356,0.0661,0.0,0
43.764,left,-0.8778,NaN,0.1964,-0.3492,0.4076,0.0,0
43.798,left,-0.8804,NaN,0.1959,-0.3725,1.3984,0.0,0
43.829,left,-0.8804,NaN,0.1959,-0.3601,0.7471,0.0,0
43.862,left,-0.8793,NaN,0.1961,-0.3541,0.357,0.0,0
43.895,left,-0.88,NaN,0.196,-0.3638,0.5797,0.0,0
43.926,left,-0.8791,NaN,0.1962,-0.3555,0.4965,0.0,0
43.96,left,-0.8791,NaN,0.1962,-0.3601,0.2765,0.0,0
43.99,left,-0.8808,NaN,0.1959,-0.3692,0.5421,0.0,0
44.021,left,-0.8781,NaN,0.1963,-0.3473,1.3139,0.0,0
44.055,left,-0.8781,NaN,0.1963,-0.3602,0.7753,0.0,0
44.084,left,-0.881,NaN,0.1958,-0.3751,0.8976,0.0,0
44.117,left,-0.8801,NaN,0.196,-0.3569,1.0918,0.0,0
44.163,left,-0.8801,NaN,0.196,-0.3614,0.2674,0.0,0
44.199,left,-0.8769,NaN,0.1965,-0.3453,0.9684,0.0,0
44.228,left,-0.8805,NaN,0.1959,-0.3791,2.0279,0.0,0
44.261,left,-0.8805,NaN,0.1959,-0.362,1.0223,0.0,0
44.294,left,-0.8769,NaN,0.1965,-0.3431,1.133,0.0,0
44.356,left,-0.8777,NaN,0.1964,-0.3652,1.3264,0.0,0
44.389,left,-0.8777,NaN,0.1964,-0.3611,0.2492,0.0,0
44.421,left,-0.8772,NaN,0.1965,-0.3581,0.1766,0.0,0
44.453,left,-0.8804,NaN,0.1959,-0.3777,1.1758,0.0,0
44.485,left,-0.8804,NaN,0.1959,-0.3622,0.9349,0.0,0
44.517,left,-0.8786,NaN,0.1962,-0.3528,0.5606,0.0,0
44.563,left,-0.8798,NaN,0.196,-0.3677,0.8913,0.0,0
44.598,left,-0.8798,NaN,0.196,-0.3619,0.3451,0.0,0
44.628,left,-0.8809,NaN,0.1958,-0.3674,0.3287,0.0,0
44.66,left,-0.8796,NaN,0.1961,-0.3561,0.681,0.0,0
44.694,left,-0.8796,NaN,0.1961,-0.3619,0.3485,0.0,0
44.725,left,-0.8784,NaN,0.1963,-0.3554,0.3879,0.0,0
44.758,left,-0.8803,NaN,0.1959,-0.3714,0.962,0.0,0
44.789,left,-0.8803,NaN,0.1959,-0.3621,0.5574,0.0,0
44.82,left,-0.8813,NaN,0.1958,-0.3672,0.3054,0.0,0
